Timepoint,protein_001,protein_002,protein_003,protein_004,protein_005,protein_006,protein_007,protein_008,protein_009,protein_010
0.0,13.893243,14.109412,14.100152,14.021543,13.928478,13.956547,13.678024,13.855911,13.864388,14.055223
0.0072,13.84253,14.087176,14.055465,14.031919,13.933206,13.944801,13.745756,13.855205,13.864932,14.040453
0.0144,13.795072,14.068946,14.025981,14.036215,13.933368,13.930454,13.79078,13.850365,13.863032,14.029058
0.0216,13.764244,14.055745,14.010621,14.03529,13.930931,13.916345,13.813592,13.842535,13.860002,14.020384
0.0288,13.75067,14.047751,14.005141,14.031244,13.928061,13.905451,13.819715,13.833466,13.856926,14.013768
0.036,13.746903,14.04429,14.005466,14.026778,13.926459,13.898794,13.818911,13.825418,13.854842,14.008032
0.0432,13.747774,14.04472,14.01022,14.023832,13.927299,13.895823,13.81876,13.820026,13.854417,14.002179
0.0504,13.751974,14.048914,14.018679,14.023547,13.931447,13.895331,13.820918,13.8177,13.855156,13.996852
0.0576,13.758618,14.055718,14.02842,14.025785,13.938415,13.896809,13.82465,13.817249,13.856403,13.993514
0.0648,13.765642,14.062767,14.038324,14.03027,13.94651,13.899127,13.8295,13.817235,13.858354,13.992336
0.072,13.771074,14.068454,14.048301,14.036876,13.954278,13.901141,13.835077,13.817042,13.860906,13.99208
0.0792,13.775158,14.072448,14.057968,14.044731,13.961135,13.903495,13.84057,13.816911,13.863288,13.991199
0.0864,13.779335,14.074251,14.066879,14.051615,13.966196,13.907469,13.845945,13.81656,13.864999,13.988714
0.0936,13.783358,14.073542,14.075961,14.056966,13.968413,13.913228,13.851671,13.815654,13.865815,13.985249
0.1008,13.786726,14.07145,14.085557,14.061846,13.967825,13.919963,13.858061,13.814876,13.866409,13.981798
0.108,13.789865,14.06927,14.094271,14.06706,13.965812,13.927194,13.864693,13.815587,13.867589,13.979035
0.1152,13.79265,14.067105,14.100456,14.072302,13.964031,13.934347,13.871328,13.817776,13.870068,13.977654
0.1224,13.79458,14.064276,14.103754,14.077261,13.96304,13.940523,13.87739,13.820169,13.873884,13.978817
0.1296,13.796249,14.06064,14.105019,14.081427,13.962179,13.945248,13.882455,13.822055,13.879369,13.982016
0.1368,13.798613,14.056951,14.105178,14.0838,13.961172,13.949003,13.886522,13.82377,13.885859,13.985569
0.144,13.801943,14.05351,14.104845,14.083515,13.959595,13.951987,13.89027,13.824977,13.892249,13.988509
0.1512,13.805625,14.050594,14.104274,14.080678,13.956946,13.953837,13.894265,13.825152,13.897817,13.99142
0.1584,13.808609,14.049552,14.103317,14.076883,13.953629,13.954475,13.898927,13.825578,13.902643,13.995323
0.1656,13.810683,14.052318,14.100994,14.073483,13.951482,13.954427,13.903808,13.828548,13.906497,14.000213
0.1728,13.811923,14.05856,14.096885,14.070913,13.95102,13.953588,13.907859,13.834478,13.909524,14.005831
0.18,13.812246,14.066587,14.092392,14.069007,13.951857,13.951858,13.910153,13.841657,13.912432,14.012833
0.1872,13.812238,14.074767,14.089119,14.068381,13.953548,13.949846,13.910235,13.848386,13.915847,14.021377
0.1944,13.813222,14.082477,14.087688,14.06939,13.955669,13.949031,13.908585,13.853672,13.9196,14.029982
0.2016,13.814919,14.089142,14.088759,14.07156,13.957583,13.949728,13.906896,13.857048,13.922991,14.03708
0.2088,13.81646,14.094678,14.092299,14.07447,13.959392,13.951204,13.906718,13.858645,13.924716,14.042977
0.216,13.817692,14.099569,14.097304,14.077862,13.961676,13.953078,13.907456,13.85968,13.924484,14.04833
0.2232,13.818934,14.105059,14.102813,14.080622,13.965112,13.955313,13.907494,13.862228,13.92313,14.053025
0.2304,13.82022,14.111064,14.109069,14.081553,13.969343,13.956891,13.906085,13.867182,13.922092,14.056775
0.2376,13.822174,14.116372,14.11595,14.080507,13.973748,13.956915,13.902908,13.873008,13.922543,14.059953
0.2448,13.825678,14.120115,14.122833,14.078017,13.977996,13.956233,13.898126,13.877679,13.925176,14.063013
0.252,13.830705,14.122578,14.128621,14.07435,13.982462,13.956146,13.893403,13.88085,13.92915,14.065421
0.2592,13.836109,14.124036,14.133214,14.07007,13.986982,13.956909,13.891292,13.882473,13.93311,14.067028
0.2664,13.840732,14.124892,14.136783,14.065884,13.990909,13.95825,13.892244,13.882016,13.936136,14.067861
0.2736,13.844214,14.1258,14.138417,14.062451,13.993974,13.960321,13.895114,13.879446,13.938209,14.068102
0.2808,13.846317,14.127502,14.137062,14.059744,13.9964,13.963011,13.897995,13.876031,13.939969,14.067315
0.288,13.847249,14.130237,14.133425,14.057372,13.998373,13.965621,13.899579,13.873025,13.942294,14.06556
0.2952,13.84807,14.133557,14.128892,14.055731,13.999744,13.968088,13.899384,13.870627,13.945116,14.062965
0.3024,13.849599,14.136773,14.123865,14.055447,14.000978,13.971769,13.89767,13.868386,13.947481,14.060409
0.3096,13.851387,14.13946,14.119296,14.056112,14.002715,13.977714,13.895533,13.866679,13.948418,14.058705
0.3168,13.852652,14.141389,14.11725,14.057197,14.004589,13.985806,13.89506,13.86654,13.947715,14.058157
0.324,13.853399,14.142589,14.118416,14.059453,14.005922,13.995111,13.896803,13.867978,13.945763,14.058676
0.3312,13.853853,14.143935,14.121287,14.063401,14.006257,14.00447,13.898731,13.87018,13.943561,14.059593
0.3384,13.854018,14.146426,14.124321,14.068451,14.006331,14.012424,13.899915,13.873595,13.941314,14.060477
0.3456,13.853889,14.150676,14.127693,14.074037,14.007444,14.01838,13.900937,13.879486,13.939486,14.061328
0.3528,13.853821,14.15665,14.131281,14.079856,14.01066,14.02271,13.902191,13.887409,13.93878,14.062692
0.36,13.854651,14.164059,14.135003,14.086257,14.015315,14.026138,13.90389,13.895533,13.940219,14.064489
0.3672,13.856493,14.172501,14.139615,14.093323,14.020806,14.028521,13.906672,13.903107,13.943909,14.066872
0.3744,13.859132,14.181294,14.146325,14.1011,14.027002,14.029812,13.910689,13.910007,13.950328,14.070251
0.3816,13.862289,14.189796,14.155087,14.110211,14.033357,14.029991,13.915056,13.915185,13.959651,14.074511
0.3888,13.865959,14.197811,14.165005,14.121339,14.038848,14.028869,13.91831,13.917357,13.970842,14.078705
0.396,13.869703,14.205156,14.175245,14.133523,14.044157,14.026287,13.919653,13.91691,13.982079,14.082373
0.4032,13.873056,14.21086,14.185571,14.144812,14.050671,14.023254,13.920351,13.914992,13.99226,14.086086
0.4104,13.875826,14.214893,14.196284,14.154698,14.058513,14.021225,13.92187,13.912138,14.001286,14.090659
0.4176,13.878601,14.21821,14.20644,14.16313,14.066197,14.020082,13.924607,13.908707,14.009632,14.096149
0.4248,13.882318,14.220943,14.21539,14.170519,14.072705,14.018861,13.928659,13.905965,14.017986,14.102544
0.432,13.887027,14.222469,14.223946,14.177334,14.077885,14.018115,13.933986,13.90506,14.025574,14.109837
0.4392,13.891423,14.222871,14.232513,14.18389,14.081504,14.019622,13.940209,13.905775,14.031366,14.117567
0.4464,13.894597,14.223087,14.239985,14.189709,14.083447,14.023752,13.946819,13.907039,14.034438,14.124053
0.4536,13.895935,14.223853,14.245929,14.194121,14.084632,14.029399,13.953891,13.909076,14.034607,14.128443
0.4608,13.895514,14.225822,14.250603,14.19684,14.086763,14.036315,13.961662,13.913069,14.032448,14.131204
0.468,13.893857,14.230334,14.253925,14.198091,14.0897,14.044578,13.970044,13.91926,14.02967,14.133024
0.4752,13.892857,14.238305,14.255979,14.198948,14.092137,14.053465,13.97844,13.926787,14.02788,14.13409
0.4824,13.893994,14.24894,14.257149,14.200205,14.093374,14.061884,13.985915,13.935213,14.028247,14.134374
0.4896,13.897691,14.2598,14.258666,14.202477,14.094067,14.070334,13.992143,13.943973,14.030819,14.134184
0.4968,13.902811,14.269826,14.261926,14.205136,14.094574,14.079709,13.997195,13.951779,14.034181,14.13371
0.504,13.908302,14.279384,14.267126,14.207234,14.095401,14.088862,14.001401,13.956927,14.036703,14.133006
0.5112,13.913831,14.288571,14.272801,14.208243,14.098162,14.095365,14.005039,13.958899,14.038122,14.132529
0.5184,13.919113,14.296352,14.278119,14.208373,14.103362,14.098325,14.008396,13.958729,14.039454,14.133467
0.5256,13.924476,14.302158,14.282789,14.207342,14.109443,14.098281,14.011365,13.957387,14.041621,14.136757
0.5328,13.930649,14.306313,14.286314,14.204953,14.114336,14.095203,14.013285,13.954633,14.044595,14.141824
0.54,13.936984,14.308344,14.288387,14.201316,14.11774,14.090227,14.01373,13.950287,14.0477,14.147988
0.5472,13.941143,14.307699,14.289746,14.196637,14.119695,14.085304,14.01327,13.945471,14.050568,14.155089
0.5544,13.941714,14.305173,14.2908,14.191117,14.119927,14.081039,14.012871,13.941114,14.05288,14.162515
0.5616,13.939136,14.302545,14.290852,14.184472,14.118619,14.07655,14.012581,13.937308,14.054091,14.169061
0.5688,13.934037,14.300153,14.289431,14.176697,14.117029,14.071358,14.01101,13.934207,14.053823,14.174018
0.576,13.927029,14.297376,14.28703,14.168758,14.115434,14.065818,14.006891,13.932768,14.052805,14.177429
0.5832,13.919279,14.293883,14.283906,14.161706,14.112431,14.060587,14.000351,13.933408,14.051977,14.179358
0.5904,13.912145,14.290158,14.279758,14.155718,14.107511,14.05608,13.992568,13.935921,14.051591,14.179772
0.5976,13.905524,14.286957,14.274533,14.150872,14.102129,14.052498,13.984301,13.939444,14.05115,14.178504
0.6048,13.898556,14.284029,14.268172,14.147448,14.097113,14.050767,13.976854,13.943303,14.050399,14.17573
0.612,13.891887,14.281461,14.260222,14.14513,14.091806,14.051222,13.971675,13.946597,14.049473,14.171682
0.6192,13.886998,14.279633,14.250311,14.143425,14.08649,14.051899,13.968477,13.94889,14.048114,14.166589
0.6264,13.88449,14.278726,14.238985,14.140957,14.082701,14.051569,13.96544,13.950186,14.045692,14.161259
0.6336,13.883701,14.277897,14.22761,14.136747,14.080551,14.050349,13.961893,13.951036,14.041731,14.156761
0.6408,13.884431,14.276715,14.217134,14.130749,14.078251,14.04822,13.958655,13.951887,14.037339,14.153746
0.648,13.886291,14.275137,14.20713,14.123344,14.074796,14.044407,13.956945,13.95332,14.033652,14.152393
0.6552,13.88872,14.273608,14.197207,14.113792,14.070857,14.039897,13.957549,13.955843,14.03129,14.152239
0.6624,13.890286,14.272338,14.187737,14.102051,14.066465,14.03563,13.959709,13.958997,14.030043,14.151979
0.6696,13.890278,14.270615,14.178522,14.089989,14.060405,14.031989,13.961806,13.961628,14.02914,14.15143
0.6768,13.889365,14.267893,14.169131,14.0795,14.05251,14.029268,13.962901,13.963096,14.028076,14.151574
0.684,13.888378,14.26472,14.160029,14.0707,14.044335,14.027279,13.962572,13.96335,14.027111,14.153356
0.6912,13.887451,14.261164,14.152115,14.062356,14.036566,14.025586,13.960292,13.962172,14.0267,14.156658
0.6984,13.887295,14.25646,14.146211,14.055021,14.028669,14.023558,13.956735,13.959653,14.026656,14.16054
0.7056,13.889038,14.250424,14.142784,14.049706,14.020595,14.021032,13.953392,13.956367,14.027248,14.162974
0.7128,13.89198,14.243821,14.141596,14.046468,14.01329,14.017864,13.950119,13.952965,14.028582,14.162508
0.72,13.894767,14.23756,14.141425,14.044671,14.006635,14.014405,13.946138,13.94932,14.030154,14.158698
0.7272,13.896321,14.231691,14.141107,14.045328,13.999775,14.010583,13.9413,13.944212,14.03121,14.151958
0.7344,13.896221,14.225413,14.139751,14.049245,13.99255,14.006259,13.935932,13.936801,14.031517,14.143405
0.7416,13.894427,14.218895,14.136913,14.054994,13.986012,14.001577,13.930475,13.927434,14.031524,14.134173
0.7488,13.891371,14.213312,14.133333,14.060275,13.981018,13.996562,13.925857,13.917029,14.031273,14.124463
0.756,13.887443,14.208253,14.130277,14.064271,13.977467,13.990661,13.922298,13.906478,14.029871,14.113984
0.7632,13.882595,14.202381,14.128381,14.067827,13.974729,13.983838,13.919444,13.897163,14.026627,14.102428
0.7704,13.876496,14.195586,14.126862,14.071157,13.971866,13.977236,13.917151,13.890021,14.022092,14.090194
0.7776,13.868434,14.188728,14.124165,14.073678,13.967766,13.972065,13.914884,13.884958,14.016819,14.078967
0.78481,13.858495,14.181745,14.11917,14.075074,13.962268,13.968798,13.911921,13.880941,14.010824,14.070482
0.79201,13.847547,14.174433,14.112465,14.075987,13.956512,13.968115,13.908614,13.877697,14.005053,14.065301
0.79921,13.837252,14.167555,14.105677,14.076149,13.952163,13.969931,13.90554,13.876202,14.000416,14.063431
0.80641,13.828947,14.162304,14.099923,14.074826,13.949916,13.972715,13.902317,13.877323,13.996696,14.064288
0.81361,13.823611,14.158793,14.095927,14.072041,13.949939,13.974908,13.899141,13.880819,13.992808,14.066748
0.82081,13.821809,14.156431,14.094211,14.068621,13.95187,13.975901,13.896625,13.88607,13.988628,14.069644
0.82801,13.823659,14.155213,14.094281,14.065,13.95485,13.975677,13.894616,13.892651,13.984706,14.072001
0.83521,13.828408,14.155286,14.094517,14.06122,13.9582,13.975051,13.893229,13.899633,13.981449,14.073472
0.84241,13.834965,14.156315,14.094251,14.057048,13.96213,13.974836,13.893171,13.905893,13.979041,14.074984
0.84961,13.842624,14.15743,14.094047,14.052591,13.967812,13.974894,13.894715,13.91071,13.977686,14.077259
0.85681,13.850776,14.158511,14.094104,14.047989,13.975454,13.974434,13.897502,13.914027,13.977506,14.07964
0.86401,13.858555,14.158915,14.093952,14.043194,13.983761,13.972792,13.901705,13.916054,13.977776,14.081385
0.87121,13.865215,14.157639,14.093342,14.03809,13.990514,13.969898,13.906779,13.916227,13.976975,14.082283
0.87841,13.870351,14.153875,14.09225,14.033404,13.995079,13.966327,13.912063,13.91412,13.973912,14.082154
0.88561,13.874381,14.148421,14.090779,14.029728,13.997304,13.962894,13.916959,13.910076,13.96931,14.081402
0.89281,13.8773,14.14241,14.088942,14.027649,13.996863,13.960058,13.92122,13.905356,13.964466,14.080893
0.90001,13.878712,14.136369,14.086027,14.027229,13.993725,13.958315,13.924664,13.900873,13.96006,14.080975
0.90721,13.878653,14.130686,14.081787,14.028477,13.989675,13.957181,13.927504,13.896899,13.957102,14.082061
0.91441,13.877891,14.125983,14.07712,14.030773,13.986451,13.955675,13.929681,13.893009,13.956755,14.083549
0.92161,13.876357,14.122418,14.072842,14.034303,13.984681,13.953529,13.930809,13.888933,13.958463,14.083322
0.92881,13.873961,14.118819,14.069328,14.039634,13.983557,13.950954,13.931363,13.884776,13.960828,14.080386
0.93601,13.871761,14.114506,14.066997,14.047105,13.982721,13.947845,13.931789,13.88068,13.963383,14.076105
0.94321,13.870937,14.110224,14.065711,14.055947,13.982435,13.944201,13.931865,13.877127,13.966129,14.071739
0.95041,13.871843,14.107022,14.065022,14.06486,13.982805,13.940756,13.931315,13.874515,13.969062,14.067327
0.95761,13.873849,14.104916,14.065599,14.072597,13.982357,13.938426,13.930445,13.873412,13.972446,14.063288
0.96481,13.876685,14.10343,14.067985,14.078437,13.98077,13.937831,13.929436,13.873768,13.976638,14.060189
0.97201,13.879917,14.102135,14.07208,14.082027,13.979168,13.938963,13.928293,13.874145,13.981778,14.058221
0.97921,13.882706,14.100396,14.077828,14.083797,13.978342,13.941456,13.92748,13.873505,13.986648,14.056974
0.98641,13.884119,14.097298,14.084936,14.085191,13.977469,13.94447,13.927511,13.873281,13.989532,14.056618
0.99361,13.884071,14.093292,14.0923,14.087551,13.97605,13.946429,13.92888,13.874841,13.98967,14.057599
1.00081,13.883273,14.089782,14.098394,14.090637,13.974516,13.94718,13.931171,13.878245,13.988493,14.060066
1.00801,13.881877,14.08816,14.102529,14.093422,13.973611,13.947719,13.933161,13.883388,13.98667,14.062962
1.01521,13.879798,14.088902,14.105228,14.095285,13.973817,13.948583,13.934053,13.890028,13.984148,14.065243
1.02241,13.877191,14.092154,14.107612,14.096335,13.975496,13.949416,13.934774,13.896525,13.981207,14.066795
1.02961,13.874766,14.097369,14.108975,14.096588,13.979117,13.950347,13.935897,13.901268,13.9794,14.068288
1.03681,13.872896,14.103475,14.107801,14.096033,13.984806,13.951216,13.937505,13.903802,13.97858,14.069828
1.04401,13.871953,14.109784,14.10409,14.09442,13.99189,13.951151,13.939833,13.904677,13.977445,14.07089
1.05121,13.872069,14.116107,14.099143,14.091329,13.999092,13.949915,13.943311,13.904726,13.976353,14.07066
1.05841,13.872957,14.122199,14.09389,14.087017,14.00531,13.948803,13.947547,13.903844,13.976584,14.068743
1.06561,13.874564,14.127129,14.08856,14.081528,14.009926,13.949218,13.951615,13.901446,13.97808,14.064864
1.07281,13.87694,14.130312,14.083886,14.074545,14.012933,13.951175,13.954997,13.897737,13.979576,14.059633
1.08001,13.879317,14.131951,14.080969,14.066135,14.015119,13.953571,13.958532,13.893346,13.980575,14.054088
1.08721,13.880821,14.132451,14.080084,14.058018,14.016954,13.955989,13.962924,13.888719,13.981281,14.049571
1.09441,13.881738,14.131459,14.080244,14.051462,14.018326,13.958283,13.96769,13.884636,13.982303,14.047139
1.10161,13.881863,14.128877,14.081076,14.046673,14.019335,13.960153,13.971719,13.881775,13.983145,14.046919
1.10881,13.880296,14.125392,14.083248,14.043332,14.020183,13.961595,13.974903,13.880179,13.982661,14.047849
1.11601,13.877135,14.121081,14.087211,14.041429,14.020385,13.963338,13.977147,13.879861,13.981141,14.049094
1.12321,13.873096,14.115384,14.092529,14.040718,14.019301,13.964935,13.977969,13.880631,13.978913,14.050858
1.13041,13.868514,14.109563,14.098105,14.039938,14.01734,13.964919,13.976757,13.881675,13.974994,14.053517
1.13761,13.863946,14.105821,14.103079,14.037798,14.01523,13.962333,13.973992,13.882957,13.968987,14.05737
1.14481,13.860158,14.104929,14.106905,14.034125,14.013296,13.95762,13.970532,13.88492,13.962409,14.063064
1.15201,13.857415,14.105723,14.109234,14.030043,14.011139,13.952069,13.96647,13.887335,13.957292,14.071369
1.15921,13.855832,14.107225,14.110055,14.026114,14.008302,13.947523,13.961216,13.889475,13.954243,14.081481
1.16641,13.855336,14.108729,14.110081,14.022538,14.004887,13.945299,13.955231,13.891021,13.953164,14.091068
1.17361,13.855587,14.10904,14.1102,14.019946,14.001443,13.945456,13.949808,13.892397,13.954246,14.098427
1.18081,13.85664,14.107417,14.110512,14.019158,13.998382,13.947326,13.945327,13.893815,13.958162,14.103668
1.18801,13.858127,14.104868,14.110279,14.020374,13.996251,13.949583,13.941186,13.895054,13.964187,14.107112
1.19521,13.859387,14.102796,14.108381,14.023466,13.99569,13.951653,13.937277,13.895756,13.97083,14.10879
1.20241,13.860527,14.101307,14.104737,14.028726,13.997092,13.954262,13.933946,13.896626,13.978171,14.108818
1.20961,13.861327,14.099657,14.100583,14.035818,14.000194,13.958584,13.931389,13.898444,13.986862,14.10772
1.21681,13.860454,14.097207,14.096942,14.044007,14.004354,13.964096,13.930121,13.900575,13.996198,14.105163
1.22401,13.857719,14.093757,14.093942,14.052978,14.009673,13.969734,13.930711,13.901991,14.004309,14.100334
1.23121,13.854529,14.089767,14.091643,14.062288,14.016646,13.973844,13.933091,13.901966,14.010094,14.093097
1.23841,13.851361,14.085539,14.089677,14.07057,14.024666,13.97502,13.936322,13.900902,14.013266,14.085391
1.24561,13.847936,14.081271,14.086585,14.077077,14.032175,13.973452,13.938784,13.898499,14.013839,14.079073
1.25281,13.845019,14.077315,14.081908,14.081849,14.038503,13.970877,13.939176,13.894609,14.012075,14.074057
1.26001,13.84388,14.073843,14.07664,14.085043,14.0431,13.968988,13.937658,13.889485,14.008444,14.069801
1.26721,13.84478,14.070639,14.072109,14.086793,14.046071,13.968654,13.935628,13.884219,14.004789,14.066608
1.27441,13.847219,14.067555,14.068813,14.087824,14.047951,13.969776,13.934027,13.879161,14.002202,14.064781
1.28161,13.852204,14.064676,14.066957,14.088367,14.049932,13.970858,13.933675,13.873827,14.000383,14.064117
1.28881,13.861892,14.061976,14.066295,14.088651,14.052763,13.971281,13.934713,13.868092,13.998626,14.064211
1.29601,13.876489,14.060176,14.06679,14.088325,14.056397,13.971815,13.935947,13.862491,13.997273,14.064859
1.30321,13.893123,14.05919,14.068126,14.086898,14.059165,13.973265,13.935871,13.857886,13.996007,14.065987
1.31041,13.90918,14.058246,14.069812,14.084377,14.060283,13.975613,13.934567,13.854037,13.994284,14.066893
1.31761,13.923143,14.057027,14.07174,14.081759,14.060801,13.978651,13.932968,13.850703,13.992475,14.066141
1.32481,13.933255,14.056275,14.073979,14.079511,14.061041,13.981148,13.931702,13.848283,13.990431,14.06355
1.33201,13.938263,14.056122,14.075651,14.077782,14.060801,13.981591,13.931632,13.847472,13.987872,14.06002
1.33921,13.938975,14.056047,14.076622,14.076604,14.060956,13.979977,13.933264,13.847669,13.985151,14.056312
1.34641,13.937225,14.055749,14.07746,14.075982,14.062053,13.977359,13.936116,13.848458,13.982161,14.052648
1.35361,13.933834,14.05533,14.078128,14.075791,14.062611,13.975036,13.938966,13.849925,13.978213,14.049496
1.36081,13.927535,14.055382,14.078418,14.076556,14.061647,13.973912,13.940172,13.852184,13.973928,14.047252
1.36801,13.917791,14.056373,14.078668,14.078495,14.060039,13.973686,13.938673,13.854642,13.970886,14.046105
1.37521,13.905836,14.05839,14.078791,14.081321,14.059339,13.97331,13.935154,13.856722,13.969482,14.045935
1.38241,13.893934,14.061745,14.078185,14.08442,14.059505,13.972166,13.931739,13.857875,13.970034,14.046602
1.38961,13.883391,14.067248,14.077141,14.086978,14.059559,13.97044,13.929632,13.858037,13.972584,14.048619
1.39681,13.875489,14.075079,14.076654,14.088295,14.05937,13.968287,13.929553,13.857541,13.977037,14.052682
1.40401,13.870707,14.083688,14.07771,14.088085,14.059494,13.96669,13.9321,13.856564,13.983118,14.058321
1.41121,13.868682,14.091775,14.080774,14.086758,14.059315,13.966594,13.936625,13.855483,13.990364,14.064367
1.41841,13.867934,14.098982,14.085649,14.084473,14.058085,13.968172,13.941495,13.854624,13.997751,14.070665
1.42561,13.867438,14.105356,14.091833,14.081533,14.056797,13.970347,13.945612,13.853748,14.004748,14.07718
1.43281,13.867347,14.109902,14.097668,14.078077,14.056913,13.972593,13.949213,13.852377,14.011518,14.083305
1.44001,13.867778,14.112157,14.101531,14.074587,14.057615,13.975223,13.952871,13.850775,14.016598,14.088649
1.44721,13.868435,14.112425,14.103156,14.072283,14.056881,13.978144,13.957307,13.849784,14.018378,14.093585
1.45441,13.868709,14.11153,14.104077,14.071965,14.05404,13.981303,13.962361,13.849903,14.017057,14.097977
1.46161,13.868125,14.109472,14.105161,14.073546,14.050103,13.98545,13.966937,13.851626,14.014147,14.10125
1.46881,13.866327,14.106723,14.106338,14.075986,14.045824,13.991369,13.970026,13.855211,14.010188,14.10342
1.47601,13.863682,14.104444,14.107332,14.078223,14.042323,13.998164,13.97137,13.860424,14.005127,14.10515
1.48321,13.860257,14.104099,14.107898,14.079524,14.041246,14.004466,13.970888,13.866246,13.999344,14.107131
1.49041,13.856301,14.106426,14.106843,14.080211,14.043628,14.009175,13.968309,13.871843,13.993688,14.108864
1.49761,13.852311,14.110877,14.103047,14.080609,14.048108,14.012135,13.964357,13.877471,13.98858,14.109991
1.50481,13.848082,14.116172,14.097698,14.08033,14.052513,14.013591,13.960382,13.883198,13.984,14.110751
1.51201,13.843125,14.120846,14.093667,14.078507,14.055421,14.01335,13.95756,13.888199,13.980756,14.111643
1.51921,13.838234,14.12382,14.09212,14.073694,14.057056,14.011814,13.955916,13.891502,13.98063,14.112511
1.52641,13.834373,14.124897,14.092383,14.064968,14.05805,14.010082,13.954905,13.893498,13.984158,14.113541
1.53361,13.831658,14.124913,14.093575,14.053477,14.059438,14.008579,13.954192,13.894349,13.989921,14.115036
1.54081,13.830365,14.124567,14.095429,14.041206,14.06229,14.006596,13.953639,13.893707,13.996773,14.115716
1.54801,13.83088,14.123887,14.09737,14.029929,14.066935,14.004772,13.952913,13.891476,14.004682,14.114394
1.55521,13.832784,14.123317,14.098617,14.020745,14.072316,14.004264,13.951455,13.888576,14.012824,14.111026
1.56241,13.835612,14.122729,14.099154,14.014207,14.077291,14.005588,13.949776,13.885938,14.019492,14.10729
1.56961,13.838789,14.12166,14.100307,14.009148,14.081712,14.007804,13.949359,13.883855,14.024826,14.10409
1.57681,13.841927,14.120381,14.102317,14.005141,14.085906,14.009964,13.950677,13.882585,14.029996,14.10146
1.58401,13.844853,14.120619,14.103441,14.002965,14.089832,14.011339,13.952678,13.88263,14.034936,14.098431
1.59121,13.847315,14.123177,14.102682,14.004031,14.092604,14.011526,13.954452,13.884165,14.038942,14.094791
1.59841,13.848713,14.127236,14.100479,14.009151,14.093424,14.010257,13.95615,13.886982,14.042546,14.090807
1.60561,13.849505,14.131501,14.097679,14.01776,14.092395,14.00831,13.957768,13.891261,14.046007,14.087016
1.61281,13.850538,14.135364,14.094639,14.028522,14.08948,14.00663,13.959128,13.897543,14.048118,14.084777
1.62001,13.851766,14.137835,14.092102,14.039827,14.084311,14.005306,13.960741,13.905955,14.047861,14.085606
1.62721,13.852967,14.137717,14.090316,14.05052,14.077004,14.003908,13.96313,13.915276,14.045919,14.08976
1.63441,13.854282,14.134886,14.089136,14.058892,14.068422,14.002157,13.966125,13.92403,14.043836,14.095378
1.64161,13.855604,14.13096,14.087886,14.065193,14.058461,14.000356,13.968828,13.930876,14.041805,14.100076
1.64881,13.856425,14.127295,14.086826,14.071912,14.047272,13.999558,13.970115,13.934817,14.03939,14.102258
1.65601,13.856858,14.123916,14.087186,14.080747,14.036176,14.000656,13.96964,13.935468,14.037143,14.103026
1.66321,13.857737,14.120845,14.089719,14.090928,14.027341,14.003876,13.968373,13.934148,14.035795,14.104411
1.67041,13.859793,14.118749,14.09452,14.100953,14.02225,14.009295,13.967205,13.931902,14.0348,14.107034
1.67761,13.862986,14.11786,14.101238,14.110103,14.021093,14.016066,13.966482,13.92871,14.034221,14.110688
1.68481,13.8669,14.117951,14.10912,14.117266,14.023253,14.022552,13.967197,13.924061,14.035864,14.115591
1.69201,13.871626,14.119348,14.116853,14.121994,14.027929,14.02815,13.969814,13.918091,14.041124,14.121321
1.69921,13.877803,14.122655,14.124175,14.125293,14.034042,14.033226,13.973468,13.91144,14.050647,14.126899
1.70641,13.886668,14.12816,14.131978,14.129548,14.040842,14.037571,13.977101,13.905216,14.06527,14.132544
1.71361,13.899417,14.135291,14.141429,14.13609,14.04898,14.041119,13.981194,13.900925,14.086351,14.139663
1.72081,13.918004,14.142676,14.153289,14.144552,14.059161,14.044501,13.9863,13.899515,14.115375,14.150022
1.72801,13.945111,14.149812,14.167771,14.154002,14.070348,14.047948,13.992648,13.901238,14.154092,14.164342
1.73521,13.983435,14.15733,14.185121,14.165562,14.080888,14.051344,13.999788,13.905401,14.204503,14.182216
1.74241,14.036176,14.165801,14.205599,14.182108,14.089967,14.054444,14.007207,13.911126,14.270002,14.204265
1.74961,14.110052,14.176065,14.230712,14.206689,14.097397,14.057683,14.014907,13.917873,14.357092,14.232331
1.75681,14.215768,14.189905,14.263676,14.242942,14.103774,14.061858,14.023219,13.925658,14.475331,14.268409
1.76401,14.367651,14.208825,14.309619,14.295989,14.110232,14.068204,14.032021,13.934994,14.638329,14.314726
1.77121,14.58472,14.233592,14.374371,14.371395,14.118436,14.077396,14.041559,13.946326,14.863931,14.375829
1.77841,14.892259,14.265949,14.464579,14.474628,14.129836,14.090918,14.053203,13.960406,15.174876,14.458331
1.78561,15.321691,14.308211,14.587262,14.612894,14.145029,14.110784,14.068142,13.976793,15.598547,14.571098
1.79281,15.908358,14.363395,14.75076,14.796909,14.163934,14.138456,14.086375,13.994952,16.166949,14.72447
1.80001,16.688072,14.435764,14.96594,15.040052,14.187244,14.174885,14.108062,14.01468,16.914208,14.930936
1.80721,17.694553,14.531095,15.247235,15.357809,14.216342,14.222,14.135235,14.036695,17.874917,15.20388
1.81441,18.956622,14.656236,15.611399,15.76669,14.252915,14.282613,14.170659,14.061344,19.080769,15.556654
1.82161,20.492559,14.819315,16.075689,16.28272,14.299656,14.358955,14.215772,14.089526,20.555542,16.001673
1.82881,22.30725,15.029142,16.656011,16.918199,14.359981,14.453495,14.270494,14.12311,22.309025,16.550749
1.83601,24.392061,15.295498,17.365672,17.681558,14.437714,14.568977,14.33571,14.163154,24.336529,17.213027
1.84321,26.724919,15.627894,18.214294,18.576202,14.53737,14.708465,14.41379,14.209742,26.620342,17.993836
1.85041,29.267526,16.033631,19.206273,19.599504,14.664098,14.874703,14.506733,14.263352,29.12958,18.893355
1.85761,31.967581,16.517343,20.339511,20.740925,14.822645,15.070452,14.615997,14.32654,31.818934,19.904472
1.86481,34.76067,17.081205,21.603394,21.981017,15.017112,15.298298,14.7453,14.403569,34.630668,21.012127
1.87201,37.575663,17.723406,22.977494,23.290559,15.250299,15.561441,14.89985,14.498998,37.497589,22.194224
1.87921,40.340168,18.437732,24.432358,24.632184,15.523792,15.862483,15.082998,14.616388,40.345666,23.423699
1.88641,42.986077,19.215021,25.933169,25.964969,15.837729,16.202123,15.296035,14.758152,43.100767,24.671021
1.89361,45.455337,20.043194,27.444673,27.250619,16.190257,16.579037,15.539907,14.926177,45.697349,25.907486
1.90081,47.70609,20.908534,28.93497,28.459448,16.577504,16.991647,15.816327,15.121248,48.087446,27.107657
1.90801,49.714251,21.798457,30.378552,29.570692,16.995581,17.43796,16.12668,15.344343,50.246018,28.252447
1.91521,51.471991,22.703759,31.758176,30.569921,17.44112,17.91645,16.472159,15.59798,52.167457,29.32985
1.92241,52.993738,23.618396,33.066024,31.449812,17.912411,18.426579,16.854877,15.886748,53.864835,30.334048
1.92961,54.311402,24.541238,34.302637,32.210227,18.409373,18.970058,17.279082,16.215087,55.367958,31.265293
1.93681,55.468795,25.478773,35.477214,32.858327,18.933679,19.550434,17.749866,16.586331,56.721071,32.130539
1.94401,56.515885,26.444151,36.609303,33.410717,19.489812,20.173179,18.272778,17.004186,57.975445,32.942927
1.95121,57.509229,27.453309,37.725864,33.893323,20.08551,20.845811,18.855998,17.474628,59.193407,33.720835
1.95841,58.503344,28.523799,38.857491,34.33651,20.729205,21.578457,19.511214,18.005069,60.441078,34.486595
1.96561,59.54824,29.675053,40.035064,34.769075,21.429867,22.382407,20.250879,18.60277,61.776505,35.262388
1.97281,60.683072,30.923444,41.286919,35.213137,22.197286,23.268243,21.084597,19.274742,63.242048,36.06638
1.98001,61.934126,32.276496,42.629726,35.681957,23.039652,24.243264,22.016135,20.025617,64.861951,36.910669
1.98721,63.312049,33.733906,44.067108,36.18314,23.959119,25.30867,23.044317,20.855592,66.63699,37.798955
1.99441,64.809238,35.28903,45.591012,36.720294,24.950963,26.458365,24.163015,21.758633,68.543482,38.726808
2.00161,66.396569,36.927791,47.182547,37.291944,26.004643,27.680301,25.361066,22.722971,70.543038,39.684957
2.00881,68.026266,38.627341,48.810539,37.893474,27.10611,28.95593,26.622183,23.733245,72.585456,40.662874
2.01601,69.641539,40.355187,50.435925,38.516395,28.236474,30.26092,27.926074,24.772582,74.612354,41.647159
2.02321,71.184428,42.071776,52.019163,39.148337,29.372069,31.567435,29.247477,25.82117,76.562377,42.620815
2.03041,72.598591,43.736026,53.52326,39.773852,30.48932,32.84726,30.556424,26.857711,78.373605,43.564687
2.03761,73.830721,45.307903,54.913337,40.37784,31.567874,34.072463,31.821929,27.862144,79.989013,44.459219
2.04481,74.837132,46.749556,56.158118,40.946816,32.587389,35.217089,33.016666,28.817417,81.360978,45.285384
2.05201,75.5926,48.033922,57.235125,41.471014,33.527703,36.258873,34.120885,29.70693,82.457646,46.027402
2.05921,76.084985,49.145333,58.131563,41.944207,34.374914,37.182354,35.121058,30.518247,83.262658,46.675391
2.06641,76.310299,50.075657,58.839295,42.362693,35.123288,37.979617,36.008651,31.244971,83.777641,47.227313
2.07361,76.277136,50.822756,59.354739,42.727849,35.771031,38.649311,36.781367,31.888186,84.014692,47.685961
2.08081,76.010381,51.392241,59.68685,43.044663,36.318571,39.196164,37.442877,32.452135,83.996391,48.056003
2.08801,75.544199,51.794558,59.858239,43.319527,36.771031,39.631067,38.001538,32.943433,83.756373,48.344842
2.09521,74.916324,52.048691,59.895114,43.559006,37.140832,39.968389,38.469892,33.370519,83.333935,48.564806
2.10241,74.167165,52.179875,59.819614,43.770673,37.443771,40.222436,38.864321,33.743751,82.76689,48.729913
2.10961,73.337294,52.214483,59.65256,43.962482,37.692931,40.406894,39.200973,34.072878,82.092764,48.85562
2.11681,72.464383,52.178552,59.412039,44.144161,37.899668,40.536051,39.492395,34.365585,81.351075,48.957584
2.12401,71.577893,52.096983,59.111451,44.326418,38.07652,40.624364,39.74874,34.630742,80.573333,49.049646
2.13121,70.698838,51.989232,58.761439,44.518812,38.234605,40.685368,39.980287,34.879154,79.784082,49.142536
2.13841,69.843807,51.869594,58.376955,44.728554,38.378537,40.731483,40.199712,35.120019,79.005024,49.245162
2.14561,69.026859,51.751255,57.97452,44.96043,38.511315,40.773576,40.417073,35.358508,78.259433,49.364243
2.15281,68.259767,51.6447,57.569471,45.215171,38.637916,40.819695,40.639879,35.59957,77.565943,49.506001
2.16001,67.554115,51.558549,57.168848,45.493338,38.765383,40.875297,40.873524,35.847707,76.936147,49.677252
2.16721,66.919164,51.4994,56.776165,45.797866,38.898758,40.944308,41.121952,36.104634,76.376971,49.883373
2.17441,66.359725,51.472106,56.394884,46.132756,39.039709,41.028969,41.386308,36.370681,75.895695,50.126771
2.18161,65.878045,51.479881,56.029516,46.501604,39.188501,41.130358,41.666501,36.647241,75.496126,50.407955
2.18881,65.474957,51.524241,55.681124,46.906803,39.346839,41.250036,41.965195,36.935724,75.178124,50.72571
2.19601,65.146475,51.605906,55.351643,47.347018,39.516242,41.389369,42.285682,37.236124,74.941626,51.079619
2.20321,64.884364,51.72441,55.041134,47.817811,39.695667,41.548442,42.629681,37.547806,74.786031,51.468991
2.21041,64.68174,51.877866,54.745073,48.315385,39.885092,41.726251,42.994335,37.87029,74.708408,51.89192
2.21761,64.534117,52.063481,54.457033,48.835935,40.085769,41.921395,43.376933,38.203544,74.705381,52.347159
2.22481,64.435376,52.279215,54.174237,49.376518,40.298918,42.131708,43.777046,38.546223,74.773113,52.835316
2.23201,64.379072,52.523406,53.893588,49.937868,40.52396,42.35373,44.19518,38.895479,74.907321,53.354246
2.23921,64.363214,52.794394,53.611925,50.521295,40.758271,42.583082,44.630175,39.250477,75.103655,53.900039
2.24641,64.387097,53.090238,53.327071,51.126296,40.998753,42.817627,45.080097,39.611949,75.355194,54.471548
2.25361,64.446847,53.4066,53.039213,51.752812,41.243923,43.059043,45.543285,39.980395,75.653596,55.068339
2.26081,64.538142,53.738432,52.74724,52.401491,41.492512,43.308423,46.017854,40.357348,75.990565,55.688213
2.26801,64.660774,54.082596,52.448804,53.071518,41.741525,43.565264,46.50308,40.745755,76.360369,56.329638
2.27521,64.814461,54.438846,52.141598,53.762799,41.989114,43.830071,47.000839,41.145665,76.759752,56.994193
2.28241,64.99812,54.809773,51.826441,54.476342,42.235839,44.10365,47.514981,41.554059,77.189437,57.683995
2.28961,65.212334,55.199213,51.504678,55.213156,42.483256,44.383251,48.049723,41.968619,77.649881,58.400626
2.29681,65.460278,55.610214,51.175323,55.973673,42.733447,44.666418,48.606545,42.389136,78.140415,59.144865
2.30401,65.743565,56.043804,50.839533,56.757889,42.986599,44.954561,49.18349,42.816023,78.659856,59.91683
2.31121,66.061395,56.50013,50.501242,57.564721,43.24269,45.250915,49.777552,43.251319,79.208008,60.717187
2.31841,66.41251,56.978861,50.162918,58.393854,43.501939,45.558145,50.387271,43.69839,79.784501,61.545741
2.32561,66.797002,57.481606,49.821794,59.245164,43.764716,45.877417,51.014482,44.158916,80.388851,62.401323
2.33281,67.215119,58.01233,49.476164,60.117579,44.029316,46.209843,51.663327,44.631122,81.022424,63.284662
2.34001,67.666769,58.575612,49.12663,61.009064,44.296371,46.556898,52.336643,45.112406,81.686879,64.19921
2.34722,68.153545,59.174259,48.774015,61.918787,44.567129,46.919095,53.034899,45.602624,82.382389,65.147474
2.35442,68.678989,59.809232,48.418703,62.846473,44.842165,47.293965,53.759352,46.10368,83.107124,66.130374
2.36162,69.245652,60.479973,48.062452,63.792044,45.121171,47.680767,54.511455,46.616876,83.858598,67.149761
2.36882,69.854507,61.18552,47.707366,64.756042,45.403707,48.082443,55.291924,47.142683,84.634132,68.207021
2.37602,70.506987,61.925321,47.353381,65.73937,45.688867,48.501791,56.10277,47.683715,85.429427,69.303796
2.38322,71.204497,62.700968,46.999573,66.743165,45.976943,48.940916,56.948792,48.24194,86.240227,70.442923
2.39042,71.948215,63.516285,46.645268,67.766882,46.268736,49.403631,57.834328,48.814678,87.063453,71.628875
2.39762,72.740376,64.377892,46.290785,68.809061,46.564241,49.89477,58.76156,49.397659,87.898279,72.866026
2.40482,73.584577,65.292585,45.935467,69.868697,46.863179,50.417582,59.731659,49.989742,88.74356,74.158724
2.41202,74.485248,66.267382,45.57839,70.946212,47.165086,50.97511,60.747475,50.590194,89.598299,75.511077
2.41922,75.447187,67.308387,45.219835,72.043375,47.467818,51.57077,61.813671,51.195902,90.461694,76.927239
2.42642,76.476244,68.420588,44.860953,73.162125,47.769646,52.210828,62.934109,51.803104,91.33336,78.413898
2.43362,77.580011,69.609816,44.501928,74.304205,48.069099,52.903744,64.113208,52.411039,92.211652,79.981505
2.44082,78.769694,70.885964,44.142822,75.471995,48.365984,53.659056,65.357982,53.01899,93.095412,81.643202
2.44802,80.058732,72.26376,43.783333,76.669435,48.66184,54.485634,66.677275,53.623632,93.987265,83.414427
2.45522,81.462989,73.76086,43.420946,77.900823,48.958816,55.394328,68.080808,54.220827,94.893716,85.314082
2.46242,83.002556,75.397186,43.052244,79.171465,49.256745,56.396644,69.581933,54.809952,95.821434,87.362465
2.46962,84.699955,77.194867,42.676517,80.489448,49.554995,57.504329,71.197471,55.393257,96.77798,89.581528
2.47682,86.579575,79.177232,42.295279,81.864206,49.852852,58.729894,72.945496,55.973855,97.773484,91.998809
2.48402,88.668477,81.367683,41.911091,83.306208,50.149132,60.088903,74.845081,56.555278,98.819624,94.646605
2.49122,90.997295,83.791316,41.524743,84.825202,50.44377,61.598826,76.91649,57.142002,99.928592,97.557996
2.49842,93.596425,86.478596,41.135146,86.431238,50.739275,63.277141,79.181784,57.738786,101.114092,100.766158
2.50562,96.497886,89.461962,40.739498,88.13414,51.038871,65.140444,81.662472,58.349299,102.391322,104.302562
2.51282,99.732871,92.770914,40.334688,89.943033,51.344453,67.203418,84.378826,58.976296,103.776536,108.195049
2.52002,103.327895,96.430804,39.917042,91.862848,51.655361,69.477299,87.349327,59.62285,105.283332,112.465263
2.52722,107.302925,100.46181,39.486755,93.895026,51.970051,71.968519,90.588461,60.29224,106.920246,117.12602
2.53442,111.671167,104.874605,39.048748,96.037143,52.288089,74.678815,94.102434,60.986502,108.692023,122.179372
2.54162,116.434528,109.667932,38.606862,98.28125,52.60917,77.603283,97.889242,61.705708,110.600417,127.616499
2.54882,121.578989,114.828085,38.162414,100.611028,52.931238,80.730124,101.938199,62.446869,112.639347,133.412847
2.55602,127.075959,120.327089,37.716819,103.002903,53.252686,84.039151,106.227003,63.202144,114.794911,139.525552
2.56322,132.879771,126.121032,37.272845,105.427338,53.571101,87.498977,110.718545,63.961278,117.044225,145.895163
2.57042,138.927184,132.148762,36.832708,107.847488,53.879692,91.067552,115.362878,64.712693,119.355131,152.445796
2.57762,145.138536,138.332414,36.399719,110.217993,54.167747,94.694355,120.097553,65.441563,121.685811,159.083156
2.58482,151.419018,144.578459,35.977531,112.487501,54.425423,98.320043,124.847375,66.129178,123.987054,165.69614
2.59202,157.659655,150.778459,35.5701,114.603625,54.643483,101.877943,129.525539,66.755956,126.201894,172.161942
2.59922,163.739558,156.812444,35.180487,116.51231,54.810416,105.297382,134.038374,67.301355,128.270203,178.350257
2.60642,169.529449,162.554699,34.808423,118.158015,54.91239,108.50519,138.288767,67.74319,130.131965,184.127944
2.61362,174.896052,167.87753,34.452182,119.486999,54.936926,111.426735,142.178074,68.059082,131.726609,189.363079
2.62082,179.710479,172.654943,34.110113,120.45354,54.873848,113.990809,145.609445,68.22919,132.99442,193.930691
2.62802,183.853273,176.769452,33.781273,121.020298,54.713883,116.132771,148.493579,68.237696,133.882721,197.717463
2.63522,187.218708,180.118088,33.46391,121.152399,54.448974,117.796268,150.753739,68.071613,134.348683,200.624908
2.64242,189.72023,182.614272,33.158389,120.820353,54.074833,118.936633,152.327533,67.720755,134.358912,202.573577
2.64962,191.293363,184.190075,32.866612,120.008024,53.590741,119.521963,153.167104,67.179476,133.89067,203.507864
2.65682,191.894637,184.801089,32.591899,118.71448,52.997353,119.533483,153.24206,66.448651,132.936148,203.398291
2.66402,191.503223,184.430607,32.337009,116.946924,52.297092,118.966447,152.542361,65.533753,131.501589,202.241022
2.67122,190.12497,183.088051,32.102335,114.726636,51.496748,117.832026,151.077639,64.444006,129.603545,200.057688
2.67842,187.791839,180.804872,31.886778,112.092054,50.607632,116.155032,148.87525,63.193432,127.266011,196.895734
2.68562,184.557923,177.634218,31.689564,109.091886,49.641848,113.972824,145.979992,61.799776,124.524109,192.825128
2.69282,180.49814,173.647918,31.510654,105.775974,48.611193,111.333922,142.452048,60.281812,121.422276,187.932812
2.70002,175.705017,168.931928,31.34912,102.193039,47.528991,108.294603,138.363595,58.659729,118.011529,182.318283
2.70722,170.282634,163.583696,31.205103,98.397071,46.408936,104.91671,133.795653,56.957175,114.347024,176.092616
2.71442,164.339902,157.711261,31.078536,94.448387,45.263587,101.265395,128.834888,55.19962,110.488157,169.372741
2.72162,157.988639,151.427739,30.966942,90.409084,44.105928,97.406703,123.570946,53.411581,106.493085,162.276275
2.72882,151.341007,144.847202,30.865501,86.33591,42.949251,93.406005,118.095707,51.616522,102.415026,154.919676
2.73602,144.505643,138.080417,30.770428,82.283324,41.804237,89.32717,112.498277,49.836001,98.302037,147.417286
2.74322,137.585159,131.228689,30.680117,78.300455,40.679416,85.229024,106.860472,48.089014,94.199871,139.875235
2.75042,130.673003,124.383142,30.593196,74.424425,39.58346,81.163072,101.255998,46.390677,90.151234,132.387806
2.75762,123.852258,117.625477,30.508232,70.681334,38.524449,77.175358,95.75188,44.753785,86.193703,125.035571
2.76482,117.191628,111.027127,30.424829,67.092775,37.509133,73.306027,90.405597,43.189974,82.358539,117.886745
2.77202,110.747127,104.648297,30.344284,63.678634,36.543971,69.588296,85.263675,41.710424,78.672619,110.99746
2.77922,104.563617,98.538954,30.2673,60.455183,35.634292,66.047656,80.361881,40.321534,75.155688,104.411701
2.78642,98.677335,92.736984,30.193191,57.433729,34.783486,62.702627,75.726319,39.026194,71.819672,98.161362
2.79362,93.114079,87.266747,30.122634,54.620382,33.9923,59.564391,71.373639,37.825408,68.671819,92.269163
2.80082,87.889123,82.142734,30.056814,52.015828,33.26018,56.638484,67.312347,36.718014,65.718866,86.748115
2.80802,83.009825,77.369185,29.995116,49.616031,32.585767,53.92554,63.545419,35.699718,62.962886,81.601569
2.81522,78.476643,72.94371,29.934687,47.41288,31.968191,51.422648,60.072318,34.766071,60.400706,76.825957
2.82242,74.282487,68.859681,29.874076,45.396384,31.404365,49.124621,56.887586,33.914621,58.026238,72.413412
2.82962,70.413749,65.108221,29.813816,43.554412,30.890819,47.024155,53.97958,33.143687,55.833306,68.351374
2.83682,66.856938,61.675072,29.754088,41.875671,30.424483,45.110391,51.334268,32.45038,53.81222,64.623266
2.84402,63.59826,58.542592,29.69392,40.349889,30.001614,43.370219,48.93621,31.827677,51.950154,61.210096
2.85122,60.619798,55.692127,29.631762,38.965672,29.615591,41.788782,46.766969,31.266808,50.233242,58.091634
2.85842,57.900491,53.103826,29.566652,37.709735,29.260132,40.352082,44.805483,30.759268,48.648532,55.246729
2.86562,55.420481,50.758029,29.496106,36.569998,28.931528,39.047947,43.034338,30.296639,47.183571,52.655456
2.87282,53.159797,48.635194,29.416998,35.53531,28.627102,37.865871,41.43783,29.871929,45.827075,50.299709
2.88002,51.097705,46.716443,29.327693,34.595599,28.344986,36.795685,39.998363,29.481703,44.570301,48.161758
2.88722,49.215178,44.983003,29.228733,33.741318,28.083795,35.828309,38.6981,29.124682,43.406908,46.222037
2.89442,47.495972,43.416257,29.121687,32.963846,27.842425,34.954139,37.523796,28.799346,42.329835,44.460448
2.90162,45.925672,41.998163,29.007638,32.255871,27.617179,34.162444,36.464167,28.502688,41.329912,42.857504
2.90882,44.489355,40.713211,28.887182,31.611501,27.402098,33.443935,35.506263,28.228994,40.398222,41.395251
2.91602,43.171849,39.548497,28.760944,31.023244,27.192498,32.790101,34.637475,27.972176,39.527861,40.058173
2.92322,41.960187,38.491525,28.630909,30.483606,26.9875,32.192842,33.847815,27.729506,38.713091,38.834951
2.93042,40.845412,37.53028,28.499534,29.986177,26.788828,31.645907,33.130215,27.500171,37.949403,37.7175
2.93762,39.817886,36.653156,28.369617,29.525727,26.597643,31.145535,32.478144,27.283191,37.233713,36.698262
2.94482,38.868874,35.849659,28.243794,29.097178,26.415212,30.686812,31.88541,27.077767,36.563019,35.76807
2.95202,37.992351,35.110876,28.12344,28.696829,26.242139,30.263805,31.346907,26.884581,35.931971,34.917492
2.95922,37.184482,34.430335,28.007812,28.322837,26.077439,29.87084,30.857617,26.703548,35.335176,34.138315
2.96642,36.439515,33.802854,27.89541,27.974032,25.9182,29.50304,30.410087,26.531678,34.770421,33.422723
2.97362,35.752076,33.22362,27.784791,27.649387,25.763527,29.156608,29.996434,26.36579,34.23736,32.764119
2.98082,35.118165,32.686751,27.674356,27.347048,25.615272,28.829349,29.611115,26.204462,33.734888,32.158314
2.98802,34.535145,32.186461,27.562458,27.064119,25.474523,28.520619,29.249455,26.047768,33.261234,31.60195
2.99522,33.998356,31.717732,27.447285,26.797736,25.34,28.230548,28.907546,25.894464,32.815736,31.090269
3.00242,33.500318,31.276525,27.325843,26.545632,25.209277,27.957598,28.583165,25.741877,32.395035,30.61816
3.00962,33.033201,30.858948,27.194795,26.305618,25.080296,27.696551,28.273494,25.587531,31.993502,30.180826
3.01682,32.59132,30.461866,27.052117,26.074412,24.95008,27.441334,27.974009,25.42999,31.60647,29.772898
3.02402,32.169154,30.081509,26.896786,25.848662,24.814515,27.187408,27.680561,25.266436,31.231089,29.388269
3.03122,31.760398,29.712565,26.728915,25.625174,24.670007,26.931424,27.389758,25.092313,30.863623,29.022208
3.03842,31.359546,29.350154,26.548713,25.401738,24.515911,26.6721,27.099789,24.906265,30.500302,28.670836
3.04562,30.962793,28.991135,26.355618,25.17623,24.352466,26.409322,26.810005,24.7078,30.138831,28.33128
3.05282,30.5671,28.63369,26.14915,24.947191,24.178567,26.142998,26.520908,24.494749,29.776711,28.001301
3.06002,30.169578,28.276135,25.929636,24.714828,23.993929,25.871328,26.23157,24.265207,29.412071,27.67985
3.06722,29.769572,27.918587,25.69776,24.482022,23.800296,25.592525,25.940833,24.021675,29.04581,27.367156
3.07442,29.370309,27.562457,25.455458,24.251871,23.600568,25.306466,25.64878,23.768002,28.681536,27.064624
3.08162,28.977838,27.208755,25.20696,24.027913,23.397055,25.016298,25.357262,23.50852,28.324238,26.773894
3.08882,28.598119,26.859807,24.956887,23.815545,23.193034,24.72722,25.068943,23.247837,27.980162,26.49805
3.09602,28.236907,26.521308,24.710985,23.621629,22.993263,24.44595,24.787485,22.991554,27.657164,26.243675
3.10322,27.900544,26.201754,24.477113,23.452218,22.80429,24.179623,24.518955,22.745365,27.364209,26.020071
3.11042,27.595487,25.909699,24.264213,23.313957,22.632392,23.934083,24.269921,22.514021,27.11042,25.837943
3.11762,27.328678,25.654469,24.081208,23.214846,22.484085,23.715109,24.046072,22.302096,26.903546,25.709932
3.12482,27.108772,25.445539,23.93739,23.163683,22.366553,23.529492,23.853613,22.117174,26.75254,25.649565
3.13202,26.946311,25.293154,23.841999,23.169264,22.287554,23.385077,23.702117,21.969267,26.669076,25.669957
3.13922,26.852307,25.207024,23.803209,23.239925,22.254006,23.290064,23.603273,21.867023,26.664765,25.783558
3.14642,26.837539,25.196598,23.828196,23.382874,22.272368,23.253011,23.568108,21.816933,26.749596,26.001927
3.15362,26.911063,25.271706,23.921865,23.605058,22.348918,23.280896,23.60674,21.824892,26.934079,26.335725
3.16082,27.080071,25.442344,24.088054,23.912954,22.489129,23.379407,23.728876,21.896596,27.228344,26.795728
3.16802,27.350087,25.715866,24.328605,24.311955,22.696786,23.553918,23.943407,22.036507,27.638621,27.391858
3.17522,27.725269,26.097159,24.642801,24.806888,22.974154,23.808754,24.257,22.246427,28.167202,28.130752
3.18242,28.207851,26.589159,25.027323,25.401081,23.321676,24.147063,24.673863,22.527213,28.813412,29.015891
3.18962,28.798437,27.192521,25.478807,26.093415,23.737181,24.569476,25.195891,22.878917,29.574042,30.0477
3.19682,29.494763,27.904291,25.992829,26.878528,24.21589,25.073454,25.821694,23.299167,30.442689,31.221409
3.20402,30.290948,28.718525,26.563028,27.74817,24.751588,25.652285,26.545023,23.781363,31.409302,32.526527
3.21122,31.176611,29.626193,27.180899,28.691022,25.337658,26.296993,27.355183,24.316346,32.460083,33.948697
3.21842,32.137544,30.616017,27.83759,29.693104,25.966657,26.996844,28.23914,24.894273,33.577815,35.470527
3.22562,33.157922,31.674027,28.523091,30.739593,26.628444,27.739994,29.181139,25.505006,34.742267,37.070415
3.23282,34.220608,32.784029,29.225698,31.814882,27.3115,28.513293,30.162933,26.136806,35.930633,38.723023
3.24002,35.307454,33.928782,29.935218,32.902303,28.005164,29.302796,31.165494,26.776361,37.120614,40.400138
3.24722,36.400378,35.09072,30.645064,33.985203,28.699974,30.093287,32.169985,27.411472,38.291923,42.073904
3.25442,37.483608,36.252212,31.351265,35.048318,29.38733,30.86973,33.15679,28.031894,39.42731,43.718147
3.26162,38.543165,37.397241,32.053113,36.079989,30.062307,31.619951,34.107417,28.627733,40.513177,45.309653
3.26882,39.568337,38.513634,32.75418,37.07394,30.724412,32.335995,35.007645,29.190492,41.542135,46.830724
3.27602,40.553719,39.593955,33.46311,38.030194,31.37689,33.014289,35.848674,29.715708,42.513489,48.271937
3.28322,41.501741,40.637795,34.194933,38.955889,32.027247,33.65643,36.627536,30.204765,43.433493,49.631721
3.29042,42.422361,41.65352,34.97339,39.866142,32.687681,34.269286,37.347283,30.664054,44.31561,50.916741
3.29762,43.332956,42.657814,35.829753,40.783712,33.377054,34.864269,38.017962,31.104708,45.182232,52.144383
3.30482,44.258552,43.675463,36.803336,41.738096,34.121809,35.457548,38.656568,31.542588,46.064844,53.342257
3.31202,45.231322,44.738969,37.938832,42.764473,34.953944,36.071107,39.285049,31.998274,47.000887,54.547051
3.31922,46.288326,45.886652,39.282883,43.90208,35.907587,36.731983,39.928787,32.494556,48.030413,55.802578
3.32642,47.468572,47.15981,40.880763,45.191761,37.018287,37.469893,40.617131,33.053695,49.19536,57.155793
3.33362,48.810811,48.600759,42.773703,46.672049,38.320931,38.313533,41.381876,33.697046,50.536465,58.652002
3.34082,50.349858,50.250055,44.99358,48.375477,39.846071,39.288958,42.25293,34.444002,52.087779,60.331243
3.34802,52.112042,52.141753,47.559081,50.325337,41.61703,40.416655,43.254822,35.309427,53.872658,62.22476
3.35522,54.111156,54.298221,50.472369,52.530395,43.646034,41.70789,44.404808,36.300772,55.90171,64.351191
3.36242,56.345689,56.724739,53.714692,54.981146,45.930486,43.16191,45.709652,37.416411,58.168712,66.713524
3.36962,58.795391,59.405979,57.243644,57.649018,48.450222,44.766993,47.16306,38.643986,60.647069,69.294317
3.37682,61.419624,62.304884,60.994351,60.486294,51.165343,46.499335,48.744102,39.95985,63.289544,72.054043
3.38402,64.158204,65.363269,64.880409,63.425978,54.016584,48.32112,50.419118,41.32973,66.030218,74.931853
3.39122,66.934568,68.503242,68.796805,66.384681,56.928721,50.181297,52.142492,42.710527,68.78736,77.847577
3.39842,69.659568,71.631813,72.624602,69.267014,59.814799,52.019793,53.858048,44.05293,71.468663,80.704984
3.40562,72.237039,74.64623,76.237763,71.970176,62.579443,53.771317,55.501506,45.305119,73.977762,83.399114
3.41282,74.569272,77.4378,79.511038,74.390596,65.124173,55.367576,57.005029,46.41582,76.218861,85.823668
3.42002,76.561535,79.896921,82.328088,76.429664,67.352713,56.741307,58.30097,47.336162,78.100448,87.876635
3.42722,78.127472,81.921439,84.587526,78.00138,69.177218,57.832026,59.326332,48.021865,79.541881,89.465516
3.43442,79.195399,83.4243,86.208446,79.038744,70.524188,58.589947,60.027647,48.43685,80.479335,90.513236
3.44162,79.713733,84.339094,87.135743,79.496963,71.33949,58.97725,60.364323,48.555608,80.869622,90.963051
3.44882,79.653718,84.623788,87.342425,79.353324,71.590868,58.970084,60.311113,48.364811,80.691843,90.781846
3.45602,79.011884,84.262669,86.829741,78.608663,71.269833,58.561296,59.859584,47.864914,79.948293,89.962204
3.46322,77.809546,83.265526,85.62626,77.287614,70.391289,57.760709,59.017302,47.070072,78.66369,88.52191
3.47042,76.088676,81.665335,83.785347,75.435602,68.99053,56.593114,57.806237,46.005612,76.882264,86.502122
3.47762,73.905941,79.514507,81.380274,73.115304,67.119376,55.095314,56.261417,44.705584,74.661744,83.963206
3.48482,71.330023,76.882337,78.497947,70.402435,64.843448,53.313508,54.428625,43.20987,72.069277,80.980737
3.49202,68.438238,73.851649,75.233824,67.380873,62.23865,51.301044,52.360392,41.56119,69.180765,77.639468
3.49922,65.311657,70.514045,71.686865,64.13685,59.385709,49.114435,50.113394,39.803401,66.075976,74.028211
3.50642,62.031065,66.962619,67.954788,60.753569,56.365306,46.81063,47.74559,37.980499,62.831883,70.235804
3.51362,58.674037,63.287242,64.129338,57.307461,53.254673,44.444779,45.313402,36.13423,59.520776,66.348347
3.52082,55.311733,59.570186,60.292782,53.867775,50.124751,42.067918,42.868789,34.302199,56.209335,62.445297
3.52802,52.005623,55.88362,56.51608,50.495061,47.037307,39.724589,40.457872,32.516831,52.954546,58.5963
3.53522,48.805686,52.288274,52.857545,47.239373,44.043221,37.452085,38.119453,30.804367,49.801948,54.859953
3.54242,45.749907,48.834059,49.362064,44.139898,41.183056,35.279904,35.884365,29.183991,46.788241,51.282652
3.54962,42.866839,45.55992,46.06265,41.225605,38.488087,33.229491,33.775124,27.668717,43.941269,47.897734
3.55682,40.17581,42.493759,42.98242,38.515069,35.97969,31.315989,31.806947,26.266036,41.279657,44.726859
3.56402,37.687322,39.652104,40.13489,36.017617,33.668443,29.548604,29.988807,24.979188,38.813131,41.782554
3.57122,35.40509,37.041039,37.524076,33.734898,31.556884,27.930844,28.324243,23.808624,36.544707,39.070699
3.57842,33.328547,34.658964,35.147082,31.662806,29.64295,26.461785,26.812236,22.752806,34.472087,36.591014
3.58562,31.452065,32.499565,32.996002,29.79374,27.920219,25.137197,25.448093,21.806911,32.588423,34.33775
3.59282,29.764784,30.553447,31.058816,28.117484,26.378521,23.949756,24.224854,20.964121,30.882735,32.301252
3.60002,28.252687,28.809008,29.32068,26.621656,25.006459,22.890113,23.133552,20.216713,29.342897,30.469249
3.60722,26.90109,27.25325,27.765481,25.292967,23.792781,21.948856,22.163991,19.556097,27.957898,28.826532
3.61442,25.694997,25.871664,26.377459,24.117335,22.72441,21.116235,21.305896,18.972537,26.715858,27.356595
3.62162,24.619558,24.64845,25.141814,23.079819,21.786298,20.382304,20.549521,18.457887,25.603089,26.044076
3.62882,23.661335,23.567362,24.043475,22.165669,20.963265,19.736667,19.884191,18.005116,24.606462,24.875568
3.63602,22.808075,22.612691,23.066915,21.360774,20.241752,19.169286,19.299427,17.607434,23.714108,23.837907
3.64322,22.047824,21.770701,22.198391,20.651562,19.609703,18.671163,18.786058,17.25803,22.91376,22.918108
3.65042,21.369004,21.029667,21.42655,20.026863,19.056713,18.234002,18.336002,16.95118,22.193673,22.103462
3.65762,20.761741,20.37842,20.740426,19.477468,18.574184,17.849588,17.941045,16.681284,21.544426,21.381819
3.66482,20.217794,19.805328,20.129799,18.994112,18.153893,17.510769,17.594296,16.443323,20.959164,20.740981
3.67202,19.730772,19.300501,19.586267,18.56772,17.787011,17.212317,17.289825,16.232657,20.431346,20.169741
3.67922,19.29553,18.855647,19.103401,18.190386,17.464491,16.948901,17.021495,16.045526,19.954272,19.659227
3.68642,18.907506,18.46251,18.674882,17.855614,17.178219,16.714503,16.7835,15.879016,19.521241,19.202745
3.69362,18.562299,18.113837,18.294071,17.557802,16.92223,16.504515,16.571403,15.730816,19.12754,18.794835
3.70082,18.254821,17.804717,17.95506,17.292613,16.693276,16.316581,16.382439,15.598979,18.769318,18.431093
3.70802,17.980103,17.531427,17.653695,17.056757,16.489526,16.148897,16.213935,15.482187,18.443171,18.107809
3.71522,17.734326,17.289634,17.385975,16.847705,16.30974,15.999563,16.063471,15.379442,18.146616,17.820057
3.72242,17.515114,17.075327,17.147108,16.662471,16.152231,15.866791,15.929001,15.288811,17.878292,17.562041
3.72962,17.319664,16.884646,16.93363,16.497355,16.013927,15.749475,15.80926,15.208464,17.636365,17.329455
3.73682,17.144759,16.714843,16.743328,16.349564,15.89106,15.646717,15.702537,15.137071,17.417356,17.119725
3.74402,16.987899,16.563211,16.574042,16.218167,15.780803,15.556947,15.607009,15.074154,17.218581,16.930727
3.75122,16.847066,16.426974,16.422823,16.102182,15.681795,15.478557,15.521563,15.019053,17.038365,16.760545
3.75842,16.720025,16.30378,16.287617,16.00008,15.593448,15.410933,15.44551,14.971306,16.875766,16.608076
3.76562,16.604803,16.192532,16.167348,15.910356,15.515484,15.353008,15.377644,14.930868,16.729009,16.472655
3.77282,16.500482,16.092114,16.061008,15.831238,15.44687,15.303154,15.316835,14.897671,16.596596,16.352525
3.78002,16.407078,16.001562,15.967107,15.760432,15.38671,15.26021,15.263637,14.870022,16.477264,16.244878
3.78722,16.324603,15.920859,15.884466,15.697123,15.334165,15.223007,15.218394,14.845633,16.370018,16.147513
3.79442,16.252617,15.849959,15.812647,15.641718,15.288347,15.190179,15.180523,14.823889,16.273609,16.060615
3.80162,16.190091,15.788641,15.750577,15.594593,15.248241,15.161793,15.149364,14.805267,16.187041,15.98463
3.80882,16.136858,15.736578,15.696968,15.555692,15.213444,15.138336,15.124411,14.789857,16.11031,15.91906
3.81602,16.093061,15.693473,15.651979,15.52501,15.1839,15.119872,15.104752,14.778734,16.044132,15.863198
3.82322,16.058604,15.658786,15.617463,15.502852,15.160434,15.106801,15.090004,14.774104,15.988748,15.817414
3.83042,16.03279,15.632397,15.594448,15.489885,15.144288,15.100162,15.080882,14.776884,15.944073,15.782068
3.83762,16.014987,15.614658,15.582543,15.486234,15.136257,15.100326,15.077728,14.786492,15.910204,15.756623
3.84482,16.004874,15.606006,15.581001,15.491838,15.137143,15.107098,15.080305,14.802111,15.886954,15.740128
3.85202,16.001853,15.606584,15.589204,15.507375,15.147307,15.120261,15.088669,14.823203,15.872724,15.73292
3.85922,16.004606,15.616297,15.606396,15.532975,15.166197,15.139979,15.103243,14.849562,15.865935,15.735654
3.86642,16.01191,15.635043,15.631246,15.566204,15.1922,15.166427,15.124153,14.881289,15.865126,15.747381
3.87362,16.023285,15.662119,15.662425,15.604392,15.22412,15.198766,15.150471,14.917541,15.869031,15.765858
3.88082,16.037904,15.695952,15.698955,15.646328,15.260968,15.235194,15.181487,14.957569,15.876824,15.789911
3.88802,16.054262,15.734583,15.739403,15.691075,15.302012,15.273852,15.216243,15.000244,15.88796,15.818617
3.89522,16.071529,15.775792,15.780764,15.736874,15.34538,15.312464,15.252884,15.04369,15.901016,15.849856
3.90242,16.088764,15.817467,15.819632,15.78212,15.388183,15.348983,15.28905,15.086006,15.914632,15.88097
3.90963,16.104486,15.857783,15.854276,15.825323,15.427754,15.38283,15.323874,15.126224,15.927909,15.909942
3.91683,16.117271,15.895154,15.884104,15.864991,15.462287,15.41429,15.356889,15.162684,15.939874,15.935398
3.92403,16.126727,15.928235,15.907721,15.899724,15.490402,15.443221,15.386848,15.193921,15.949935,15.955808
3.93123,16.133098,15.955775,15.923894,15.9275,15.511732,15.469121,15.412371,15.219992,15.958424,15.97042
3.93843,16.136908,15.976295,15.932985,15.946979,15.527265,15.491661,15.433198,15.241275,15.965848,15.9798
3.94563,16.13889,15.989348,15.936787,15.959597,15.538212,15.510469,15.450442,15.258301,15.972956,15.985633
3.95283,16.140327,15.996061,15.937516,15.968144,15.545781,15.525908,15.46515,15.272507,15.980625,15.989383
3.96003,16.14242,15.998287,15.937207,15.974334,15.551549,15.539577,15.478443,15.285461,15.990123,15.992714
3.96723,16.145423,15.998466,15.937937,15.979058,15.556776,15.554005,15.49236,15.298096,16.00284,15.997899
3.97443,16.149518,15.999705,15.942229,15.983757,15.563037,15.571146,15.508875,15.311426,16.019408,16.007259
3.98163,16.156042,16.004571,15.951664,15.990198,15.571756,15.59219,15.528688,15.326779,16.039155,16.022371
3.98883,16.166283,16.0145,15.966249,15.999639,15.584215,15.618113,15.552065,15.345783,16.061251,16.043933
3.99603,16.180961,16.030723,15.985661,16.012264,15.60124,15.649483,15.580019,15.370346,16.085481,16.072005
4.00323,16.199944,16.053818,16.010174,16.028936,15.623556,15.686097,15.612448,15.400692,16.111705,16.106008
4.01043,16.223278,16.08327,16.039335,16.05168,15.650734,15.726905,15.648597,15.435498,16.140102,16.144585
4.01763,16.250491,16.117201,16.071319,16.080634,15.681281,15.770747,15.687767,15.473472,16.170512,16.185972
4.02483,16.280195,16.154232,16.104012,16.112538,15.71349,15.815691,15.729368,15.512989,16.202292,16.228169
4.03203,16.310057,16.192657,16.135481,16.143975,15.745774,15.858733,15.771858,15.551022,16.232894,16.269023
4.03923,16.33797,16.229898,16.163318,16.172913,15.776685,15.896912,15.813741,15.585005,16.25877,16.305764
4.04643,16.361348,16.262366,16.18433,16.196766,15.804054,15.928011,15.85279,15.613162,16.276555,16.335972
4.05363,16.377167,16.287601,16.195897,16.211772,15.825405,15.950335,15.88583,15.633156,16.284346,16.357359
4.06083,16.384031,16.303329,16.196207,16.215752,15.838494,15.961851,15.909372,15.642255,16.281459,16.368209
4.06803,16.381545,16.306903,16.184296,16.208232,15.841295,15.961538,15.921007,15.638478,16.268385,16.36715
4.07523,16.368679,16.296043,16.160069,16.188833,15.831322,15.949053,15.919063,15.621274,16.246248,16.35337
4.08243,16.344533,16.270524,16.123811,16.156294,15.806849,15.924098,15.902983,15.591343,16.215552,16.32628
4.08963,16.308821,16.23195,16.076068,16.110467,15.768782,15.886616,15.87344,15.550113,16.1764,16.286692
4.09683,16.26131,16.182245,16.018279,16.052596,15.71983,15.837965,15.831241,15.498696,16.128482,16.235745
4.10403,16.202799,16.122587,15.95195,15.984976,15.662137,15.780508,15.777515,15.439153,16.071795,16.174399
4.11123,16.135864,16.054614,15.878143,15.909701,15.596854,15.715584,15.713198,15.37441,16.00738,16.104195
4.11843,16.064227,15.981044,15.798756,15.829217,15.525493,15.644856,15.639963,15.306572,15.937536,16.02734
4.12563,15.991129,15.903893,15.717012,15.746357,15.450109,15.570788,15.560141,15.236453,15.865219,15.94536
4.13283,15.918267,15.823455,15.635223,15.66357,15.372274,15.495874,15.477113,15.166022,15.79316,15.859538
4.14003,15.84556,15.741168,15.554987,15.582108,15.293546,15.420753,15.393709,15.097865,15.722774,15.772216
4.14723,15.773083,15.659383,15.477576,15.503197,15.216225,15.345832,15.312931,15.032697,15.653885,15.686147
4.15443,15.701549,15.5804,15.404372,15.42858,15.14287,15.272271,15.236908,14.970578,15.586285,15.603245
4.16163,15.631961,15.505762,15.3361,15.359306,15.074916,15.201107,15.16564,14.912354,15.519705,15.524552
4.16883,15.565941,15.436535,15.273084,15.295739,15.011732,15.132732,15.097906,14.859247,15.454588,15.451167
4.17603,15.505693,15.372481,15.215286,15.237757,14.951357,15.067782,15.033582,14.810939,15.392649,15.384378
4.18323,15.452317,15.313358,15.162956,15.184175,14.892657,15.007554,14.973377,14.766262,15.335675,15.324465
4.19043,15.404727,15.258648,15.11631,15.133579,14.836054,14.95327,14.918017,14.724065,15.284297,15.270881
4.19763,15.360958,15.207656,15.075046,15.085725,14.782698,14.904846,14.868369,14.6845,15.238488,15.222698
4.20483,15.320266,15.160986,15.038484,15.041054,14.734052,14.861378,14.825135,14.648024,15.197738,15.179704
4.21203,15.283442,15.119995,15.005996,15.000269,14.691596,14.822442,14.788098,14.614108,15.161445,15.141088
4.21923,15.251514,15.08504,14.977225,14.964209,14.655775,14.788427,14.755513,14.582832,15.129967,15.105923
4.22643,15.224422,15.055335,14.951905,14.933082,14.625821,14.759413,14.725215,14.555015,15.103732,15.073668
4.23363,15.201812,15.029548,14.929526,14.906297,14.599845,14.735313,14.696415,14.530325,15.082322,15.044522
4.24083,15.183696,15.006022,14.909581,14.883093,14.576158,14.716278,14.669328,14.507608,15.064968,15.018236
4.24803,15.16933,14.983423,14.891348,14.86327,14.555209,14.701738,14.644264,14.486988,15.050729,14.994757
4.25523,15.156814,14.961591,14.87469,14.847512,14.538706,14.690195,14.622287,14.469759,15.0385,14.974485
4.26243,15.145538,14.941572,14.86011,14.837213,14.52704,14.680099,14.604679,14.456555,15.027933,14.957902
4.26963,15.136775,14.925171,14.848239,14.833016,14.520276,14.671292,14.591123,14.447442,15.019692,14.945371
4.27683,15.131031,14.913223,14.83983,14.834374,14.518667,14.664242,14.580482,14.441462,15.014947,14.937108
4.28403,15.126748,14.905842,14.836451,14.839832,14.521571,14.659979,14.572895,14.438216,15.014358,14.932298
4.29123,15.123138,14.90344,14.839202,14.848014,14.527768,14.658936,14.569381,14.437309,15.01739,14.930507
4.29843,15.121283,14.906413,14.847457,14.857925,14.537297,14.660967,14.570387,14.438585,15.022771,14.932415
4.30563,15.123172,14.914122,14.860382,14.870111,14.55071,14.665552,14.576353,14.442376,15.030348,14.939481
4.31283,15.129124,14.926113,14.878106,14.886081,14.568473,14.672431,14.588556,14.449235,15.040603,14.952293
4.32003,15.138871,14.942601,14.901659,14.907563,14.590343,14.68127,14.607013,14.458754,15.054132,14.970991
4.32723,15.152382,14.964231,14.931756,14.935057,14.615225,14.692921,14.629418,14.470129,15.071906,14.995243
4.33443,15.169361,14.991255,14.968551,14.96831,14.642115,14.709623,14.653215,14.483726,15.095115,15.023562
4.34163,15.188992,15.022897,15.011697,15.006611,14.670936,14.732853,14.678129,14.500568,15.123806,15.054752
4.34883,15.211891,15.058416,15.060192,15.049933,14.701278,14.762111,14.704928,14.522301,15.15701,15.089464
4.35603,15.239894,15.098338,15.113114,15.098562,14.73323,14.796945,14.733803,14.550123,15.194431,15.130821
4.36323,15.274348,15.143069,15.170889,15.15407,14.768477,14.837531,14.765318,14.584805,15.236774,15.181696
4.37043,15.315328,15.192177,15.236011,15.21914,14.808705,14.883827,14.801463,14.626506,15.28553,15.244462
4.37763,15.362343,15.246876,15.31209,15.296361,14.854669,14.936529,14.844297,14.676149,15.343497,15.320643
4.38483,15.415376,15.310679,15.403269,15.387222,14.908332,14.997512,14.894661,14.735066,15.4136,15.411729
4.39203,15.475963,15.387075,15.512562,15.493339,14.973016,15.069376,14.954216,14.804791,15.497807,15.519149
4.39923,15.546608,15.47801,15.641417,15.616897,15.051599,15.15385,15.026688,14.887182,15.597175,15.644443
4.40643,15.630279,15.584665,15.79102,15.760122,15.146271,15.25162,15.115648,14.983459,15.713242,15.790675
4.41363,15.729767,15.708363,15.962679,15.924977,15.258937,15.363188,15.222359,15.093845,15.847215,15.961689
4.42083,15.846385,15.850671,16.156858,16.112929,15.390736,15.490016,15.3476,15.217229,15.999371,16.159406
4.42803,15.979417,16.012245,16.37316,16.324588,15.541278,15.632963,15.492061,15.352866,16.169094,16.382381
4.43523,16.127557,16.192707,16.610364,16.559108,15.709079,15.79145,15.654497,15.500527,16.355409,16.628462
4.44243,16.289399,16.391463,16.86521,16.813353,15.892203,15.964634,15.831689,15.659942,16.556587,16.894681
4.44963,16.462462,16.606475,17.132666,17.082005,16.088519,16.151167,16.020385,15.829371,16.767715,17.175744
4.45683,16.643078,16.832808,17.406312,17.359058,16.294037,16.347036,16.217568,16.005273,16.98248,17.465402
4.46403,16.826814,17.063381,17.678975,17.638063,16.503192,16.546117,16.418823,16.182952,17.195551,17.756809
4.47123,17.00828,17.291312,17.942476,17.911142,16.709421,16.741922,16.617815,16.356521,17.401976,18.042663
4.47843,17.181417,17.510422,18.187808,18.169058,16.905805,16.928287,16.80788,16.519776,17.594792,18.313952
4.48563,17.339421,17.714919,18.405967,18.40232,17.084522,17.098713,16.982678,16.666114,17.766873,18.561162
4.49283,17.476298,17.898491,18.589525,18.60194,17.238787,17.246614,17.136061,16.790315,17.912923,18.774958
4.50003,17.587306,18.054452,18.73231,18.760025,17.362907,17.366774,17.262059,16.889195,18.027912,18.948335
4.50723,17.66905,18.176295,18.829793,18.870146,17.452707,17.456013,17.356206,16.960034,18.107247,19.075245
4.51443,17.718354,18.258545,18.88,18.928605,17.505686,17.511871,17.415834,17.000325,18.147523,19.151314
4.52163,17.734068,18.298161,18.882811,18.934504,17.520725,17.531746,17.439703,17.008301,18.148431,19.174672
4.52883,17.717062,18.294427,18.83876,18.888815,17.497957,17.515114,17.427393,16.984347,18.111575,19.146121
4.53603,17.668955,18.248578,18.749613,18.793438,17.438625,17.463711,17.380064,16.929439,18.039335,19.067832
4.54323,17.591219,18.163992,18.619247,18.652776,17.345335,17.380473,17.300404,16.845543,17.934083,18.944053
4.55043,17.486889,18.045524,18.45322,18.473316,17.222078,17.269072,17.192225,16.73531,17.799708,18.780255
4.55763,17.360311,17.897671,18.258405,18.262783,17.074788,17.134371,17.06024,16.604019,17.641489,18.582829
4.56483,17.216413,17.724425,18.041931,18.029197,16.909747,16.982031,16.909575,16.457874,17.464974,18.359016
4.57203,17.060475,17.531022,17.810926,17.781003,16.733225,16.817652,16.745086,16.301902,17.276081,18.116826
4.57923,16.898108,17.32419,17.571727,17.526462,16.551597,16.645328,16.572012,16.140217,17.080838,17.863675
4.58643,16.734335,17.110678,17.329433,17.272604,16.370031,16.468567,16.395466,15.977191,16.884897,17.606348
4.59363,16.573226,16.895989,17.088334,17.024401,16.191542,16.291057,16.21932,15.816745,16.692532,17.350889
4.60083,16.417044,16.684628,16.852876,16.785682,16.018467,16.116055,16.046486,15.661404,16.507271,17.10182
4.60803,16.267029,16.480908,16.626727,16.560154,15.853528,15.945997,15.880186,15.513195,16.331654,16.862261
4.61523,16.124708,16.288417,16.413118,16.350223,15.698722,15.783738,15.723037,15.374791,16.167994,16.635178
4.62243,15.991684,16.108992,16.215483,16.156681,15.555123,15.632176,15.576563,15.248745,16.017731,16.422976
4.62963,15.868618,15.94343,16.036166,15.980602,15.423513,15.492992,15.44188,15.13617,15.881452,16.227352
4.63683,15.756094,15.7926,15.875782,15.822696,15.304459,15.36657,15.319542,15.036353,15.758297,16.049243
4.64403,15.654185,15.657602,15.73454,15.682082,15.197647,15.252833,15.209677,14.949072,15.646819,15.889543
4.65123,15.562182,15.538531,15.612062,15.557131,15.102573,15.151821,15.111498,14.873649,15.546113,15.748063
4.65843,15.479527,15.434477,15.506348,15.446936,15.01887,15.063548,15.024687,14.808891,15.456294,15.623716
4.66563,15.406106,15.34421,15.41556,15.351079,14.946095,14.987944,14.949606,14.753577,15.377551,15.515299
4.67283,15.34198,15.26799,15.338664,15.269575,14.883888,14.925598,14.887588,14.707494,15.309408,15.422022
4.68003,15.287602,15.20593,15.275194,15.202755,14.832605,14.876908,14.838621,14.670656,15.251188,15.343422
4.68723,15.243604,15.156913,15.224368,15.150351,14.792841,14.841097,14.801716,14.643662,15.202054,15.278871
4.69443,15.209782,15.119502,15.185209,15.111868,14.764659,14.816283,14.776519,14.627615,15.161378,15.228214
4.70163,15.186147,15.093415,15.156753,15.086267,14.747762,14.801723,14.762854,14.623398,15.129429,15.191331
4.70883,15.172233,15.078303,15.138885,15.072323,14.741775,14.797489,14.759247,14.63097,15.107064,15.168137
4.71603,15.166884,15.07344,15.131075,15.069592,14.745602,14.803706,14.764502,14.649084,15.095567,15.157629
4.72323,15.168616,15.078469,15.132612,15.078261,14.758275,14.820087,14.779314,14.676146,15.095577,15.158797
4.73043,15.176681,15.093355,15.143652,15.097991,14.778809,14.84597,14.804224,14.71109,15.106253,15.170928
4.73763,15.190179,15.117976,15.164077,15.127659,14.806414,14.880584,14.838182,14.752954,15.125148,15.192995
4.74483,15.208427,15.150868,15.19184,15.16565,14.839891,14.922001,14.879334,14.799802,15.150035,15.223025
4.75203,15.23087,15.189179,15.224271,15.209158,14.877624,14.967208,14.925889,14.849272,15.178514,15.258598
4.75923,15.256499,15.230115,15.259019,15.254806,14.916681,15.013724,14.976002,14.898636,15.208343,15.296722
4.76643,15.283945,15.272057,15.293789,15.300142,14.953689,15.060814,15.026685,14.944867,15.237795,15.33422
4.77363,15.311451,15.313123,15.326126,15.343103,14.986582,15.106655,15.074944,14.984879,15.265617,15.368842
4.78083,15.337066,15.351214,15.353668,15.381458,15.014534,15.148358,15.11835,15.017251,15.289589,15.398999
4.78803,15.359113,15.38461,15.373882,15.412572,15.036603,15.182902,15.155251,15.04193,15.306927,15.422383
4.79523,15.376531,15.411008,15.384851,15.434385,15.05203,15.208079,15.18353,15.05913,15.31564,15.437183
4.80243,15.388112,15.42784,15.385226,15.444917,15.060199,15.221735,15.201141,15.067676,15.314745,15.442072
4.80963,15.392229,15.432824,15.37447,15.442609,15.059845,15.222349,15.206663,15.065336,15.303873,15.435716
4.81683,15.387652,15.424957,15.352915,15.426549,15.049714,15.209854,15.199859,15.051182,15.283434,15.417686
4.82403,15.37331,15.404417,15.32182,15.397567,15.030245,15.18594,15.180917,15.026303,15.255653,15.389607
4.83123,15.348973,15.373135,15.282458,15.357576,15.002771,15.152281,15.150176,14.992788,15.223026,15.353823
4.83843,15.315347,15.333383,15.235688,15.307985,14.968627,15.109589,15.108754,14.952192,15.186526,15.311885
4.84563,15.274001,15.286694,15.182859,15.2495,14.928733,15.058951,15.058242,14.906228,15.146061,15.26434
4.85283,15.226299,15.234658,15.125705,15.183616,14.883703,15.002098,15.000324,14.856128,15.102343,15.211686
4.86003,15.173988,15.179294,15.065999,15.112982,14.834199,14.940726,14.937378,14.801939,15.056714,15.155108
4.86723,15.118699,15.121812,15.005413,15.04022,14.78164,14.876499,14.87207,14.743147,15.010189,15.096194
4.87443,15.062022,15.062082,14.945598,14.967858,14.727277,14.811775,14.806205,14.681095,14.963547,15.036419
4.88163,15.005915,15.00124,14.88778,14.898466,14.672725,14.74847,14.740513,14.619446,14.917719,14.97769
4.88883,14.952571,14.941637,14.832883,14.834057,14.620199,14.687562,14.675539,14.561024,14.873572,14.920997
4.89603,14.902795,14.885109,14.781449,14.77418,14.571081,14.629172,14.611333,14.506604,14.830994,14.866219
4.90323,14.856707,14.83178,14.733419,14.717831,14.524675,14.573619,14.548051,14.456159,14.789302,14.812756
4.91043,14.814507,14.781131,14.688445,14.664726,14.480644,14.521505,14.486713,14.410139,14.748693,14.760498
4.91763,14.776193,14.732806,14.645631,14.615193,14.439511,14.472865,14.429067,14.368084,14.710277,14.709486
4.92483,14.741072,14.685552,14.603606,14.568979,14.401327,14.428102,14.376604,14.329159,14.674399,14.659891
4.93203,14.708571,14.637971,14.561844,14.526249,14.365538,14.388092,14.330001,14.29317,14.641026,14.612204
4.93923,14.678627,14.589926,14.52093,14.486764,14.332312,14.353359,14.288891,14.261135,14.610241,14.566889
4.94643,14.651649,14.543831,14.482281,14.450144,14.301956,14.322632,14.252633,14.233561,14.582468,14.524554
4.95363,14.628051,14.501872,14.447297,14.416516,14.27494,14.294821,14.221553,14.209949,14.558193,14.485466
4.96083,14.607933,14.465173,14.41707,14.386351,14.251364,14.269729,14.196531,14.189657,14.538046,14.450073
4.96803,14.591477,14.43351,14.391118,14.360542,14.230723,14.247737,14.177738,14.173023,14.521637,14.418686
4.97523,14.578627,14.406242,14.368195,14.340048,14.21214,14.228943,14.164671,14.160111,14.508017,14.390832
4.98243,14.568926,14.382769,14.347703,14.324618,14.195647,14.213461,14.156654,14.150276,14.496323,14.3654
4.98963,14.561201,14.362683,14.329556,14.31259,14.181558,14.201313,14.152384,14.142421,14.48534,14.341996
4.99683,14.554444,14.345524,14.314287,14.302659,14.170537,14.191809,14.149623,14.136153,14.473991,14.321426
5.00403,14.548559,14.331393,14.302394,14.293787,14.162679,14.18333,14.146997,14.131952,14.46261,14.304403
5.01123,14.544316,14.320661,14.294082,14.285179,14.157326,14.174284,14.144466,14.130197,14.452138,14.291187
5.01843,14.541819,14.312962,14.288547,14.277033,14.153246,14.164569,14.142431,14.130071,14.44246,14.280899
5.02563,14.540243,14.30764,14.284543,14.269147,14.14908,14.155749,14.140727,14.130011,14.432217,14.272246
5.03283,14.538349,14.30311,14.279968,14.260876,14.143121,14.148605,14.138689,14.129337,14.420162,14.26421
5.04003,14.535447,14.29746,14.273713,14.251664,14.135511,14.143119,14.135285,14.127487,14.406091,14.256048
5.04723,14.53124,14.289954,14.26612,14.241551,14.128133,14.138872,14.129993,14.123508,14.391332,14.246962
5.05443,14.525964,14.280716,14.257578,14.230736,14.122106,14.134938,14.122823,14.116969,14.377347,14.237367
5.06163,14.520007,14.269559,14.248225,14.220197,14.116696,14.129714,14.113662,14.109043,14.3653,14.229104
5.06883,14.513918,14.257259,14.238369,14.211119,14.11149,14.122363,14.10341,14.100961,14.356283,14.223167
5.07603,14.50785,14.24612,14.229125,14.20372,14.106464,14.112905,14.093601,14.092536,14.350644,14.218484
5.08323,14.501375,14.237134,14.22119,14.197714,14.101964,14.102063,14.0847,14.083083,14.347183,14.214053
5.09043,14.494095,14.230089,14.214684,14.192906,14.098336,14.091166,14.076304,14.073051,14.344231,14.209441
5.09763,14.48589,14.224281,14.208396,14.18934,14.09601,14.081093,14.068398,14.063827,14.341699,14.204468
5.10483,14.476709,14.219349,14.201251,14.186575,14.094444,14.072328,14.060525,14.05598,14.340281,14.199003
5.11203,14.467138,14.215537,14.193214,14.18438,14.092339,14.065009,14.051941,14.04917,14.340668,14.193327
5.11923,14.458247,14.213101,14.184627,14.183168,14.087945,14.058933,14.043182,14.043622,14.34228,14.187773
5.12643,14.450483,14.211712,14.175767,14.182672,14.080565,14.054064,14.035091,14.039373,14.343951,14.183446
5.13363,14.443407,14.211484,14.167673,14.182844,14.071306,14.05124,14.028457,14.03572,14.344772,14.180546
5.14083,14.436984,14.213153,14.161973,14.184318,14.06226,14.051198,14.0236,14.032087,14.344314,14.177821
5.14803,14.431294,14.215632,14.158919,14.187622,14.055107,14.053588,14.02047,14.029132,14.341739,14.174381
5.15523,14.426138,14.217149,14.157104,14.19239,14.049936,14.057474,14.018718,14.02725,14.336989,14.170556
5.16243,14.421031,14.217379,14.154978,14.198147,14.046179,14.061684,14.018228,14.02613,14.331888,14.166695
5.16963,14.41659,14.216672,14.152575,14.203518,14.043441,14.06523,14.018275,14.025391,14.328245,14.16284
5.17683,14.413791,14.214825,14.151091,14.207114,14.041433,14.067399,14.017682,14.024284,14.326111,14.159501
5.18403,14.412695,14.211761,14.151963,14.209117,14.039442,14.068223,14.016452,14.022278,14.324306,14.157135
5.19123,14.412631,14.208613,14.155898,14.209702,14.037913,14.068521,14.015152,14.019153,14.322357,14.156234
5.19843,14.412987,14.206703,14.163076,14.208927,14.03826,14.068827,14.01383,14.015302,14.320009,14.157185
5.20563,14.413619,14.20612,14.172431,14.207208,14.040875,14.068349,14.012138,14.010718,14.316874,14.159515
5.21283,14.414381,14.205825,14.181977,14.20443,14.044916,14.066148,14.011016,14.005825,14.313269,14.162357
5.22003,14.415723,14.205402,14.189755,14.200327,14.049395,14.062372,14.011428,14.000869,14.310909,14.165223
5.22723,14.418096,14.205393,14.195276,14.195199,14.053594,14.058788,14.012749,13.996241,14.311016,14.167962
5.23443,14.421602,14.205521,14.199357,14.18997,14.057074,14.057199,14.01384,13.992414,14.312948,14.170321
5.24163,14.425733,14.205425,14.203091,14.185666,14.059581,14.058235,14.014562,13.98961,14.315729,14.172613
5.24883,14.429659,14.205498,14.206398,14.184128,14.061164,14.060966,14.015615,13.98788,14.318346,14.175093
5.25603,14.432929,14.20609,14.208429,14.18563,14.062887,14.063801,14.017376,13.987323,14.32029,14.177848
5.26323,14.435006,14.206326,14.208385,14.189049,14.066424,14.064536,14.020459,13.988039,14.321199,14.180782
5.27043,14.435579,14.20525,14.205672,14.192982,14.071246,14.061693,14.025364,13.989574,14.32111,14.182901
5.27763,14.434482,14.203328,14.200321,14.19613,14.075789,14.055914,14.032069,13.99196,14.320064,14.183522
5.28483,14.43222,14.201812,14.193688,14.197648,14.079247,14.049626,14.039215,13.995565,14.318219,14.183131
5.29203,14.42887,14.200831,14.187451,14.197634,14.08139,14.04508,14.044909,14.000233,14.315131,14.183138
5.29923,14.424002,14.199815,14.182826,14.196878,14.081945,14.042651,14.048417,14.00561,14.309669,14.184125
5.30643,14.417229,14.199214,14.179962,14.196039,14.081465,14.041271,14.050203,14.01157,14.301708,14.185933
5.31363,14.408618,14.199292,14.178034,14.195562,14.080952,14.039825,14.050232,14.0173,14.292254,14.187873
5.32083,14.398925,14.199005,14.175972,14.194957,14.080638,14.038017,14.048633,14.021721,14.282308,14.189117
5.32803,14.389046,14.19811,14.173903,14.193411,14.080555,14.036064,14.046444,14.024482,14.27249,14.188963
5.33523,14.379539,14.197434,14.171367,14.190954,14.079844,14.034513,14.044537,14.025166,14.263008,14.186691
5.34243,14.370572,14.196889,14.167853,14.187738,14.077798,14.034121,14.042236,14.023149,14.253934,14.182486
5.34963,14.362962,14.195792,14.163751,14.183743,14.0744,14.035263,14.039244,14.018938,14.245592,14.17706
5.35683,14.35691,14.193753,14.1602,14.17925,14.07051,14.037392,14.035765,14.013815,14.238422,14.171131
5.36403,14.351382,14.19089,14.156701,14.174737,14.06641,14.038892,14.032017,14.00851,14.23252,14.164789
5.37123,14.346082,14.18746,14.152079,14.170469,14.062094,14.038668,14.027604,14.002671,14.228594,14.158366
5.37843,14.342149,14.183716,14.145855,14.166165,14.05771,14.03687,14.022957,13.9957,14.227451,14.151706
5.38563,14.340073,14.179256,14.139099,14.161681,14.053115,14.034581,14.019224,13.98772,14.228444,14.144771
5.39283,14.338928,14.1745,14.132687,14.157113,14.047673,14.031985,14.016769,13.979833,14.23016,14.137894
5.40003,14.338074,14.170013,14.126325,14.152832,14.041113,14.028862,14.014687,13.972907,14.232017,14.131376
5.40723,14.337838,14.165258,14.119796,14.148514,14.034208,14.025217,14.012009,13.967677,14.234178,14.12537
5.41443,14.338568,14.159829,14.113925,14.14376,14.027469,14.021587,14.008693,13.965532,14.236808,14.120809
5.42163,14.340002,14.154595,14.108867,14.138848,14.021271,14.018124,14.004961,13.966893,14.239852,14.11856
5.42883,14.341762,14.149971,14.103834,14.134042,14.016023,14.01444,14.001001,13.969742,14.242906,14.118331
5.43603,14.343811,14.145452,14.098872,14.128751,14.012061,14.010863,13.997322,13.971264,14.245359,14.119312
5.44323,14.345589,14.141115,14.095637,14.121827,14.009327,14.008505,13.994471,13.971322,14.246602,14.121053
5.45043,14.346158,14.13748,14.095161,14.113925,14.008156,14.007794,13.992548,13.971291,14.246045,14.123261
5.45763,14.345018,14.13469,14.096627,14.106383,14.008463,14.007787,13.990544,13.971549,14.243641,14.125903
5.46483,14.342616,14.132488,14.097983,14.099656,14.009921,14.008085,13.988023,13.97134,14.240136,14.128563
5.47204,14.33975,14.130407,14.098455,14.093408,14.012445,14.008817,13.986102,13.970983,14.236578,14.130369
5.47924,14.336744,14.128638,14.098189,14.08813,14.015574,14.009579,13.98606,13.97067,14.23343,14.130726
5.48644,14.333688,14.12815,14.097436,14.083738,14.018666,14.009922,13.987169,13.969673,14.230964,14.129411
5.49364,14.330135,14.129201,14.096227,14.07939,14.021755,14.009662,13.988103,13.967621,14.229317,14.125931
5.50084,14.325667,14.131071,14.095065,14.074795,14.025003,14.008909,13.988297,13.965275,14.228499,14.1204
5.50804,14.320624,14.133306,14.094195,14.070543,14.028127,14.007645,13.987725,13.96394,14.228439,14.11388
5.51524,14.315796,14.135436,14.093045,14.067824,14.031172,14.006102,13.98623,13.963434,14.229538,14.10722
5.52244,14.311308,14.136313,14.090435,14.067345,14.033476,14.004051,13.984144,13.961668,14.231446,14.100411
5.52964,14.30757,14.13495,14.086065,14.068581,14.034193,14.001425,13.98208,13.957065,14.233577,14.093763
5.53684,14.305147,14.131518,14.081018,14.070296,14.033407,13.998253,13.980173,13.950444,14.235787,14.087993
5.54404,14.303826,14.126985,14.076774,14.071813,14.031834,13.994871,13.977192,13.943073,14.23739,14.084168
5.55124,14.302389,14.122576,14.073609,14.071893,14.029778,13.991909,13.97163,13.935208,14.237307,14.082993
5.55844,14.300213,14.118532,14.07196,14.069923,14.027488,13.989847,13.96395,13.927657,14.235596,14.084279
5.56564,14.297534,14.114668,14.072779,14.067103,14.024987,13.988748,13.956226,13.921384,14.232998,14.087166
5.57284,14.294928,14.110917,14.076342,14.065014,14.022182,13.988119,13.950105,13.916809,14.22955,14.090878
5.58004,14.292641,14.107027,14.081424,14.06401,14.019523,13.987715,13.946453,13.913227,14.225982,14.094435
5.58724,14.291088,14.102457,14.087452,14.064064,14.017657,13.987134,13.945955,13.910684,14.223038,14.096595
5.59444,14.290861,14.097419,14.093845,14.064902,14.016882,13.986106,13.948273,13.910312,14.220386,14.096786
5.60164,14.29189,14.093149,14.099475,14.065579,14.017227,13.984792,13.95179,13.912771,14.217531,14.095455
5.60884,14.292585,14.090369,14.10307,14.065483,14.018233,13.98347,13.955302,13.91721,14.214699,14.093178
5.61604,14.291837,14.089542,14.104645,14.064407,14.019142,13.981765,13.958517,13.921913,14.211715,14.090073
5.62324,14.290162,14.090345,14.104856,14.063134,14.019854,13.978935,13.962252,13.925946,14.208411,14.086652
5.63044,14.288176,14.092066,14.103841,14.062609,14.020527,13.975076,13.966766,13.928662,14.205418,14.084148
5.63764,14.285246,14.093514,14.100674,14.062572,14.021271,13.970558,13.972009,13.929795,14.203248,14.083106
5.64484,14.281679,14.09373,14.094941,14.062087,14.022134,13.966064,13.977595,13.928983,14.201892,14.082671
5.65204,14.27834,14.092854,14.087352,14.060646,14.022594,13.962472,13.982763,13.927115,14.201258,14.082246
5.65924,14.275344,14.091885,14.078611,14.05841,14.021607,13.96019,13.985869,13.925213,14.200952,14.082281
5.66644,14.272029,14.091225,14.069081,14.055185,14.018731,13.958771,13.986023,13.923276,14.200648,14.082917
5.67364,14.26888,14.090363,14.060317,14.051518,14.014676,13.95739,13.983456,13.920782,14.200466,14.083154
5.68084,14.266885,14.089409,14.054159,14.047828,14.010947,13.955835,13.978842,13.918366,14.200694,14.082663
5.68804,14.266532,14.088116,14.050869,14.044935,14.008369,13.954166,13.973087,13.91641,14.201241,14.081789
5.69524,14.266978,14.085707,14.049261,14.043296,14.00648,13.95291,13.967168,13.914976,14.202418,14.080381
5.70244,14.267711,14.082644,14.048523,14.043125,14.004832,13.952485,13.961509,13.914606,14.203788,14.077579
5.70964,14.269297,14.080077,14.048419,14.044141,14.003656,13.953339,13.956171,13.915529,14.204398,14.07373
5.71684,14.272124,14.078675,14.048921,14.046784,14.003003,13.955014,13.95062,13.916982,14.203458,14.071045
5.72404,14.274762,14.078237,14.049996,14.051209,14.002396,13.956316,13.944971,13.918647,14.201004,14.070866
5.73124,14.275815,14.078344,14.051927,14.056423,14.001804,13.955999,13.940251,13.920436,14.197468,14.07189
5.73844,14.275158,14.078225,14.054758,14.061736,14.001227,13.953527,13.937685,13.921933,14.194045,14.072583
5.74564,14.272325,14.078019,14.058097,14.067475,14.000238,13.949308,13.937324,13.922954,14.191862,14.072901
5.75284,14.266828,14.07818,14.061182,14.07334,13.997478,13.944204,13.938935,13.924007,14.190611,14.072404
5.76004,14.259704,14.078659,14.062804,14.078027,13.992436,13.938852,13.942188,13.925262,14.189635,14.069748
5.76724,14.25331,14.07906,14.062511,14.081289,13.986013,13.933937,13.946254,13.926335,14.189189,14.065878
5.77444,14.248402,14.078624,14.060993,14.083572,13.979205,13.929881,13.949713,13.927208,14.189903,14.063093
5.78164,14.244215,14.076398,14.059309,14.084609,13.972064,13.926322,13.951802,13.929301,14.191365,14.062456
5.78884,14.239884,14.071779,14.057718,14.083749,13.965035,13.922683,13.953056,13.934185,14.1934,14.062335
5.79604,14.235526,14.065163,14.056801,14.08103,13.959293,13.919601,13.954076,13.942237,14.196656,14.060888
5.80324,14.231702,14.057447,14.056478,14.077038,13.955784,13.917524,13.954502,13.952179,14.200343,14.057169
5.81044,14.228783,14.050418,14.05632,14.072299,13.954779,13.916958,13.953689,13.962704,14.201566,14.052174
5.81764,14.227554,14.04525,14.056045,14.066062,13.955842,13.918203,13.951547,13.97286,14.199185,14.047245
5.82484,14.228595,14.041144,14.055973,14.057658,13.958504,13.921186,13.948936,13.981357,14.195373,14.04382
5.83204,14.231209,14.036648,14.05614,14.048491,13.962393,13.925123,13.947076,13.986476,14.191765,14.043195
5.83924,14.233308,14.031932,14.056465,14.039724,13.966765,13.929722,13.947036,13.98828,14.188321,14.045338
5.84644,14.23378,14.027591,14.057414,14.031065,13.971452,13.934878,13.949281,13.98797,14.184909,14.048335
5.85364,14.233135,14.023306,14.059271,14.022716,13.976675,13.939854,13.953896,13.984633,14.181659,14.049584
5.86084,14.231898,14.019581,14.061876,14.016104,13.982264,13.944415,13.959343,13.976758,14.177498,14.04824
5.86804,14.230601,14.017948,14.064434,14.011234,13.987502,13.948898,13.96359,13.965357,14.171259,14.04581
5.87524,14.229895,14.018631,14.066449,14.007755,13.991979,13.954154,13.96546,13.952821,14.16357,14.044748
5.88244,14.230197,14.019811,14.06723,14.006285,13.995135,13.960081,13.964672,13.940543,14.15687,14.046447
5.88964,14.231117,14.020362,14.066401,14.007418,13.997083,13.965654,13.961672,13.929405,14.152189,14.050544
5.89684,14.231948,14.020545,14.063652,14.011134,13.998998,13.970218,13.957404,13.920178,14.147772,14.055967
5.90404,14.232659,14.021124,14.059648,14.017128,14.001623,13.973839,13.952422,13.913529,14.142145,14.061425
5.91124,14.233196,14.022155,14.055661,14.02454,14.004669,13.976107,13.94609,13.90954,14.13525,14.066206
5.91844,14.233365,14.023589,14.052863,14.031816,14.007281,13.976129,13.938838,13.907069,14.127503,14.070033
5.92564,14.23262,14.025512,14.050957,14.037907,14.008654,13.974266,13.931327,13.905614,14.119754,14.073489
5.93284,14.23102,14.02794,14.049857,14.042368,14.007643,13.971641,13.924468,13.905815,14.114323,14.077059
5.94004,14.2287,14.028917,14.052218,14.045631,14.00367,13.966782,13.918928,13.908238,14.113408,14.079069
5.94724,14.225975,14.025579,14.061158,14.048709,13.997141,13.955428,13.916376,13.912134,14.11761,14.07482
5.95444,14.223017,14.017214,14.075818,14.051747,13.989217,13.936512,13.917632,13.916365,14.125578,14.061811
5.96164,14.22017,14.005714,14.0925,14.053787,13.980927,13.913843,13.922029,13.920007,14.134958,14.042309
5.96884,14.217649,13.993071,14.10877,14.05437,13.972862,13.891295,13.927738,13.922368,14.144038,14.02138
5.97604,14.215336,13.98016,14.122053,14.053298,13.965282,13.870995,13.933516,13.923177,14.151636,14.002432
5.98324,14.212959,13.969065,14.128583,14.049795,13.958435,13.856605,13.938544,13.922322,14.15651,13.988618
5.99044,14.211069,13.961728,14.126813,14.045021,13.952576,13.850292,13.942101,13.920742,14.157977,13.981584
5.99764,,13.959891,,,,,13.944971,,,13.980387
